frame,vehicle_type,id,bbox
0,2,1,"[[490.504638671875, 211.77920532226562, 538.4144287109375, 248.88449096679688]]"
0,2,2,"[[238.1953125, 180.06512451171875, 270.7315979003906, 204.2127685546875]]"
1,2,1,"[[485.8612365722656, 210.2190399169922, 534.5156860351562, 247.88812255859375]]"
1,2,2,"[[238.274169921875, 181.034423828125, 271.2180480957031, 205.50894165039062]]"
2,2,1,"[[484.8282775878906, 209.15606689453125, 531.3995971679688, 245.17803955078125]]"
2,2,2,"[[237.9317169189453, 182.10269165039062, 271.2989807128906, 206.9280242919922]]"
3,2,1,"[[482.1004333496094, 207.76715087890625, 526.5719604492188, 242.1351776123047]]"
3,2,2,"[[236.93833923339844, 183.37489318847656, 270.5843811035156, 208.43405151367188]]"
4,2,1,"[[477.77545166015625, 204.67987060546875, 524.1389770507812, 240.4765625]]"
4,2,2,"[[237.40298461914062, 184.49949645996094, 270.6275329589844, 209.25985717773438]]"
5,2,1,"[[476.02520751953125, 203.567138671875, 520.5346069335938, 237.88534545898438]]"
5,2,2,"[[237.4147186279297, 186.1403045654297, 270.9310302734375, 211.15899658203125]]"
6,2,1,"[[472.1625671386719, 201.2342529296875, 517.08740234375, 235.90762329101562]]"
6,2,2,"[[236.8904266357422, 187.54534912109375, 271.0315246582031, 213.05636596679688]]"
7,2,1,"[[470.3737487792969, 199.9697265625, 513.270263671875, 232.93307495117188]]"
7,2,2,"[[235.60374450683594, 188.223388671875, 271.96136474609375, 215.4596405029297]]"
8,2,1,"[[468.24041748046875, 198.95352172851562, 509.9678649902344, 231.03952026367188]]"
8,2,2,"[[233.84982299804688, 188.24554443359375, 272.1329345703125, 217.090087890625]]"
9,2,1,"[[464.6722717285156, 196.39144897460938, 507.0262145996094, 228.9270782470703]]"
9,2,2,"[[234.69287109375, 191.21783447265625, 271.13653564453125, 218.70358276367188]]"
10,2,1,"[[461.2328186035156, 194.9033966064453, 504.03814697265625, 227.7347412109375]]"
10,2,2,"[[233.2178955078125, 192.1453094482422, 271.3045959472656, 220.95449829101562]]"
11,2,1,"[[459.0823669433594, 192.85743713378906, 501.0169982910156, 225.0189971923828]]"
11,2,2,"[[233.1686553955078, 193.4669189453125, 271.7665710449219, 222.7747802734375]]"
12,2,1,"[[457.50421142578125, 192.54849243164062, 497.9193420410156, 223.44439697265625]]"
12,2,2,"[[233.01560974121094, 194.8406524658203, 272.03472900390625, 224.48106384277344]]"
13,2,1,"[[454.95989990234375, 191.29470825195312, 494.68988037109375, 221.65940856933594]]"
13,2,2,"[[232.4556121826172, 196.03244018554688, 271.96270751953125, 226.11668395996094]]"
14,2,1,"[[451.97003173828125, 188.7069091796875, 492.74139404296875, 220.02886962890625]]"
14,2,2,"[[232.36898803710938, 198.2811279296875, 271.7736511230469, 228.2388458251953]]"
15,2,1,"[[449.83245849609375, 187.15609741210938, 490.0599365234375, 218.02587890625]]"
15,2,2,"[[232.38619995117188, 199.74549865722656, 272.4641418457031, 230.34552001953125]]"
16,2,1,"[[447.5913391113281, 186.16184997558594, 487.21563720703125, 216.5093231201172]]"
16,2,2,"[[231.18984985351562, 200.914794921875, 272.6586608886719, 232.69729614257812]]"
17,2,1,"[[445.20904541015625, 184.77392578125, 484.97174072265625, 215.28057861328125]]"
17,2,2,"[[230.9598846435547, 203.1454620361328, 272.4971618652344, 235.11643981933594]]"
18,2,1,"[[444.1912536621094, 184.36683654785156, 481.9859619140625, 213.29904174804688]]"
18,2,2,"[[229.07691955566406, 203.8067169189453, 272.66778564453125, 237.47999572753906]]"
19,2,1,"[[441.83270263671875, 182.96327209472656, 478.9467468261719, 211.48793029785156]]"
19,2,2,"[[226.11004638671875, 201.1139373779297, 275.18927001953125, 239.7360076904297]]"
20,2,1,"[[440.03424072265625, 181.06552124023438, 477.0184020996094, 209.5001678466797]]"
20,2,2,"[[227.68753051757812, 205.61947631835938, 273.628173828125, 241.81919860839844]]"
21,2,1,"[[437.4281005859375, 179.5303497314453, 474.8633117675781, 208.3513946533203]]"
21,2,2,"[[228.81076049804688, 210.0994415283203, 271.60552978515625, 243.74363708496094]]"
22,2,1,"[[436.3194885253906, 179.29966735839844, 472.48345947265625, 207.24595642089844]]"
22,2,2,"[[228.3127899169922, 211.7041473388672, 272.033447265625, 246.24098205566406]]"
23,2,1,"[[433.5610656738281, 177.45274353027344, 470.4576110839844, 206.07708740234375]]"
24,2,1,"[[431.302978515625, 175.36041259765625, 468.9120178222656, 204.72805786132812]]"
25,2,1,"[[430.1758117675781, 175.37294006347656, 466.0836486816406, 203.3957977294922]]"
25,2,2,"[[227.2123260498047, 218.82284545898438, 270.5380554199219, 253.0182342529297]]"
26,2,1,"[[429.0468444824219, 175.2866973876953, 462.7291259765625, 201.3343963623047]]"
26,2,2,"[[222.25990295410156, 214.7406463623047, 275.1125793457031, 257.2453308105469]]"
27,2,1,"[[427.30999755859375, 174.2030792236328, 461.0827941894531, 200.28036499023438]]"
27,7,2,"[[220.0882568359375, 215.1873779296875, 275.82208251953125, 260.9208068847656]]"
28,2,1,"[[425.4266357421875, 172.94078063964844, 459.83575439453125, 199.5401153564453]]"
28,7,2,"[[218.936767578125, 219.39324951171875, 273.6785583496094, 264.5311584472656]]"
29,2,1,"[[424.49395751953125, 172.03109741210938, 458.0000915527344, 198.04434204101562]]"
29,2,2,"[[216.71148681640625, 219.01278686523438, 275.5176086425781, 267.937744140625]]"
30,2,1,"[[422.0635681152344, 170.07717895507812, 456.4298095703125, 196.90391540527344]]"
30,7,2,"[[216.0413055419922, 220.19650268554688, 277.04779052734375, 271.57684326171875]]"
31,2,1,"[[420.9512634277344, 169.57594299316406, 454.4015808105469, 195.85159301757812]]"
31,7,2,"[[218.5717010498047, 228.05343627929688, 273.4403076171875, 274.54852294921875]]"
32,2,1,"[[419.4836120605469, 168.54249572753906, 452.5868225097656, 194.60202026367188]]"
32,2,2,"[[220.32931518554688, 235.16354370117188, 269.9648132324219, 277.133056640625]]"
33,2,1,"[[418.36492919921875, 168.3757781982422, 449.6196594238281, 192.8349151611328]]"
33,2,2,"[[219.3292999267578, 239.51942443847656, 268.8066101074219, 281.1481628417969]]"
34,2,1,"[[417.69158935546875, 168.28753662109375, 448.0979309082031, 191.90869140625]]"
34,2,2,"[[218.95187377929688, 244.39361572265625, 267.6761169433594, 284.86767578125]]"
35,2,1,"[[416.134033203125, 167.5096893310547, 446.535888671875, 191.00340270996094]]"
35,2,2,"[[216.9822235107422, 247.8209991455078, 267.7187194824219, 289.6360168457031]]"
36,2,1,"[[413.778076171875, 165.78726196289062, 445.35516357421875, 190.21780395507812]]"
36,2,2,"[[215.73641967773438, 251.20989990234375, 267.4396667480469, 293.6556091308594]]"
37,2,1,"[[412.48846435546875, 165.06150817871094, 443.4306640625, 188.95509338378906]]"
37,2,2,"[[212.6659393310547, 251.78550720214844, 269.2294006347656, 298.5200500488281]]"
38,2,1,"[[410.8257141113281, 163.85067749023438, 442.0265808105469, 188.03814697265625]]"
38,2,2,"[[211.27005004882812, 255.62437438964844, 268.6439208984375, 303.0940856933594]]"
38,2,3,"[[601.2305908203125, 284.4737243652344, 636.319091796875, 341.1578063964844]]"
39,2,1,"[[409.9932861328125, 163.52285766601562, 440.0256652832031, 186.8223419189453]]"
39,2,2,"[[209.7636260986328, 259.3540344238281, 268.0890197753906, 307.7012939453125]]"
39,2,3,"[[598.4544677734375, 280.24053955078125, 632.4374389648438, 334.5881652832031]]"
40,2,1,"[[408.85357666015625, 162.85769653320312, 438.0738220214844, 185.48512268066406]]"
40,2,2,"[[208.34149169921875, 263.27740478515625, 267.097900390625, 312.1368713378906]]"
40,2,3,"[[594.7969970703125, 275.9020080566406, 628.7819213867188, 329.1767272949219]]"
41,2,1,"[[406.87091064453125, 161.0906982421875, 437.0145263671875, 184.56251525878906]]"
41,2,2,"[[206.00408935546875, 267.5326843261719, 265.6358947753906, 317.1441650390625]]"
41,2,3,"[[590.7286376953125, 271.4143371582031, 625.52490234375, 324.20733642578125]]"
42,2,1,"[[405.4141540527344, 160.2972412109375, 435.5615539550781, 183.8873748779297]]"
42,2,2,"[[203.6094512939453, 273.0908203125, 262.6490173339844, 322.0342102050781]]"
42,2,3,"[[586.8020629882812, 267.0395202636719, 622.8450927734375, 319.3226013183594]]"
43,2,1,"[[404.758544921875, 160.16476440429688, 434.1482849121094, 183.2038116455078]]"
43,2,2,"[[199.482666015625, 276.1831359863281, 264.5411071777344, 330.2176208496094]]"
43,2,3,"[[579.3037109375, 263.1864929199219, 616.6256103515625, 314.6361389160156]]"
44,5,1,"[[402.51617431640625, 158.943359375, 433.21600341796875, 183.1571502685547]]"
44,2,2,"[[198.95559692382812, 283.1750793457031, 261.71221923828125, 334.9952087402344]]"
44,2,3,"[[573.0908203125, 259.8389892578125, 611.2594604492188, 310.1251525878906]]"
45,5,1,"[[400.8082580566406, 157.6422882080078, 431.49560546875, 182.043701171875]]"
45,2,2,"[[195.2729949951172, 288.4503479003906, 260.8826599121094, 342.35382080078125]]"
45,2,3,"[[566.7117919921875, 256.8688049316406, 605.5958251953125, 305.8121643066406]]"
45,7,5,"[[86.43762969970703, 182.9255828857422, 172.97457885742188, 299.33526611328125]]"
46,2,1,"[[401.0832214355469, 158.26531982421875, 429.4873962402344, 180.81948852539062]]"
46,2,2,"[[189.529296875, 291.3335266113281, 260.6376647949219, 349.63226318359375]]"
46,2,3,"[[560.5558471679688, 253.709716796875, 599.9600219726562, 301.0351867675781]]"
46,7,5,"[[85.33765411376953, 183.8468475341797, 172.666015625, 301.3304748535156]]"
47,2,1,"[[400.3394470214844, 158.32763671875, 427.3844909667969, 179.79263305664062]]"
47,2,2,"[[186.23805236816406, 296.61639404296875, 258.907958984375, 356.0120849609375]]"
47,2,3,"[[553.2516479492188, 251.1808319091797, 593.5881958007812, 297.40203857421875]]"
47,7,5,"[[83.210693359375, 185.97801208496094, 171.459228515625, 304.6982727050781]]"
48,2,1,"[[398.393310546875, 157.15455627441406, 425.6237487792969, 178.7449188232422]]"
48,2,2,"[[186.9273681640625, 303.5917053222656, 255.70785522460938, 359.09417724609375]]"
48,2,3,"[[547.9241333007812, 249.06419372558594, 588.11669921875, 293.03411865234375]]"
48,7,5,"[[79.88513946533203, 187.8057861328125, 169.61431884765625, 308.23162841796875]]"
49,2,1,"[[397.4513244628906, 156.29750061035156, 424.6379089355469, 177.90672302246094]]"
49,2,2,"[[185.69163513183594, 308.0507507324219, 252.53379821777344, 360.0]]"
49,2,3,"[[542.391845703125, 246.33218383789062, 583.0294189453125, 289.0337829589844]]"
49,7,5,"[[77.55760192871094, 190.05404663085938, 168.3112030029297, 311.7298278808594]]"
50,2,1,"[[396.6467590332031, 155.80569458007812, 423.1378479003906, 176.82083129882812]]"
50,2,2,"[[186.71026611328125, 314.5048828125, 248.3836212158203, 360.0]]"
50,2,3,"[[537.013916015625, 243.83648681640625, 577.892822265625, 285.10931396484375]]"
50,7,5,"[[76.77361297607422, 192.20921325683594, 168.3729705810547, 315.2178039550781]]"
51,2,1,"[[395.5065612792969, 155.3900146484375, 421.55865478515625, 176.04786682128906]]"
51,2,2,"[[185.67897033691406, 320.0821228027344, 243.1961212158203, 360.0]]"
51,7,3,"[[529.5020751953125, 235.9321746826172, 575.5111694335938, 281.462646484375]]"
51,7,5,"[[71.49037170410156, 194.25814819335938, 165.18447875976562, 319.87298583984375]]"
52,2,1,"[[394.4505310058594, 154.8695526123047, 420.7487487792969, 175.7024688720703]]"
52,2,2,"[[188.6760711669922, 327.8724670410156, 237.98631286621094, 360.0]]"
52,2,3,"[[525.404541015625, 234.5843505859375, 570.165771484375, 277.7355041503906]]"
52,7,5,"[[69.49967193603516, 195.4315643310547, 164.46380615234375, 322.6751403808594]]"
53,2,1,"[[393.5675964355469, 154.41372680664062, 419.77044677734375, 175.18031311035156]]"
53,2,2,"[[188.70123291015625, 332.7135009765625, 232.9349365234375, 359.9568786621094]]"
53,2,3,"[[521.21435546875, 233.42953491210938, 565.4340209960938, 275.0107116699219]]"
53,7,5,"[[66.27349853515625, 196.77774047851562, 162.5919189453125, 325.7655334472656]]"
54,2,1,"[[392.4305114746094, 153.61297607421875, 418.5756530761719, 174.4022979736328]]"
54,2,3,"[[516.36767578125, 229.78871154785156, 561.5067749023438, 271.47601318359375]]"
54,7,5,"[[63.16367721557617, 198.287353515625, 161.22410583496094, 329.33123779296875]]"
55,2,1,"[[390.77288818359375, 151.5575408935547, 417.9696960449219, 173.27371215820312]]"
55,2,3,"[[512.6375732421875, 228.07855224609375, 556.676513671875, 267.9007568359375]]"
55,7,5,"[[59.31448745727539, 199.40965270996094, 160.02366638183594, 334.0649719238281]]"
56,2,1,"[[389.6994934082031, 151.66441345214844, 416.21014404296875, 172.7959747314453]]"
56,2,3,"[[508.7362976074219, 226.80001831054688, 551.5697631835938, 264.575927734375]]"
56,7,5,"[[54.37864685058594, 200.47369384765625, 158.01220703125, 338.771484375]]"
56,2,6,"[[203.2366180419922, 292.54705810546875, 268.1803283691406, 357.5740051269531]]"
57,2,1,"[[389.2004089355469, 151.76132202148438, 414.96844482421875, 172.27687072753906]]"
57,2,3,"[[504.13714599609375, 224.7235870361328, 547.4179077148438, 262.09735107421875]]"
57,7,5,"[[51.620304107666016, 201.9709014892578, 156.9773712158203, 342.5185852050781]]"
57,2,6,"[[207.14285278320312, 299.83203125, 266.35223388671875, 358.9292297363281]]"
58,2,1,"[[388.4505615234375, 151.76588439941406, 413.29681396484375, 171.49879455566406]]"
58,2,3,"[[499.66949462890625, 221.71310424804688, 544.33935546875, 259.7019348144531]]"
58,7,5,"[[45.740047454833984, 204.098388671875, 153.92945861816406, 347.4410095214844]]"
58,7,6,"[[205.20135498046875, 297.315673828125, 267.5448913574219, 359.3191833496094]]"
59,2,1,"[[386.78759765625, 149.52902221679688, 413.1519775390625, 170.58399963378906]]"
59,7,3,"[[496.0650939941406, 219.40576171875, 540.6962890625, 256.9053649902344]]"
59,7,5,"[[42.55833053588867, 206.12062072753906, 153.07400512695312, 351.9110412597656]]"
60,2,1,"[[386.095947265625, 149.68020629882812, 411.4643249511719, 169.93377685546875]]"
60,2,3,"[[493.07720947265625, 217.56935119628906, 536.38720703125, 253.40042114257812]]"
60,7,5,"[[37.49110412597656, 207.89654541015625, 149.5828857421875, 355.3241271972656]]"
61,2,1,"[[385.2923278808594, 149.18800354003906, 410.0542297363281, 168.93649291992188]]"
61,2,3,"[[490.39117431640625, 215.77503967285156, 532.408447265625, 250.07264709472656]]"
61,7,5,"[[38.27359390258789, 209.99183654785156, 149.7210235595703, 356.67620849609375]]"
62,2,1,"[[384.840087890625, 148.3812255859375, 409.7237548828125, 168.238525390625]]"
62,7,3,"[[486.45233154296875, 213.0253143310547, 529.9708862304688, 248.28036499023438]]"
62,7,5,"[[36.9431037902832, 211.5729522705078, 148.0169677734375, 357.5550231933594]]"
63,2,1,"[[384.0512390136719, 148.2979736328125, 408.1577453613281, 167.5683135986328]]"
63,2,3,"[[482.60015869140625, 211.50682067871094, 526.1921997070312, 246.52197265625]]"
63,7,5,"[[35.712989807128906, 214.13607788085938, 145.92593383789062, 358.18206787109375]]"
64,2,1,"[[382.88446044921875, 147.9977264404297, 406.8330078125, 167.13076782226562]]"
64,2,3,"[[479.00457763671875, 209.65306091308594, 522.3269653320312, 244.09437561035156]]"
64,7,5,"[[21.80959129333496, 215.60464477539062, 134.2726593017578, 358.2596740722656]]"
65,2,1,"[[381.68048095703125, 147.66090393066406, 405.5746765136719, 166.79046630859375]]"
65,5,3,"[[476.1071472167969, 207.32379150390625, 519.6231079101562, 241.90792846679688]]"
65,7,5,"[[17.59258460998535, 218.34478759765625, 130.2651824951172, 357.66058349609375]]"
66,2,1,"[[380.927734375, 147.5417022705078, 404.59088134765625, 166.46267700195312]]"
66,5,3,"[[472.84375, 205.0666046142578, 516.5242919921875, 239.7732696533203]]"
66,7,5,"[[16.7484188079834, 219.83229064941406, 129.69903564453125, 356.765625]]"
67,2,1,"[[380.4617004394531, 147.1546630859375, 403.45501708984375, 165.4450225830078]]"
67,2,3,"[[470.7536315917969, 203.87547302246094, 512.7949829101562, 237.10015869140625]]"
67,7,5,"[[14.225753784179688, 221.784423828125, 128.29489135742188, 356.9668884277344]]"
68,2,1,"[[379.6483459472656, 146.2940673828125, 402.6615295410156, 164.6237335205078]]"
68,2,3,"[[468.8406066894531, 203.15367126464844, 509.7144775390625, 235.3459014892578]]"
68,7,5,"[[11.847818374633789, 225.36219787597656, 125.97240447998047, 358.1866455078125]]"
69,2,1,"[[378.89874267578125, 145.62136840820312, 401.9062805175781, 164.01783752441406]]"
69,2,3,"[[466.22723388671875, 201.4886016845703, 506.8800048828125, 233.35194396972656]]"
69,7,5,"[[9.344829559326172, 226.3760528564453, 125.75172424316406, 359.9500427246094]]"
70,2,1,"[[378.30133056640625, 145.37103271484375, 400.91986083984375, 163.4334259033203]]"
70,2,3,"[[464.02227783203125, 200.26229858398438, 504.0046691894531, 231.39932250976562]]"
70,7,5,"[[8.91446590423584, 230.11387634277344, 124.49705505371094, 360.0]]"
71,2,1,"[[377.6637268066406, 145.39759826660156, 399.7701110839844, 163.0620880126953]]"
71,7,3,"[[460.6263732910156, 198.17022705078125, 500.5212707519531, 229.14837646484375]]"
71,7,5,"[[7.117692947387695, 232.47645568847656, 122.20393371582031, 360.0]]"
72,2,1,"[[376.542724609375, 144.90280151367188, 398.64300537109375, 162.6322021484375]]"
72,2,3,"[[457.75634765625, 196.3197784423828, 498.1331787109375, 227.63661193847656]]"
72,7,5,"[[5.3616743087768555, 234.16758728027344, 120.09345245361328, 360.0]]"
73,2,1,"[[375.9089660644531, 144.5619354248047, 397.61212158203125, 161.95677185058594]]"
73,2,3,"[[456.3609924316406, 195.38819885253906, 495.2124328613281, 225.31222534179688]]"
73,5,5,"[[4.903616905212402, 236.51742553710938, 118.56975555419922, 360.0]]"
74,2,1,"[[375.26397705078125, 144.3511505126953, 396.88134765625, 161.65089416503906]]"
74,2,3,"[[454.53753662109375, 194.89883422851562, 492.5794677734375, 223.98696899414062]]"
75,2,1,"[[375.0216064453125, 144.0531768798828, 395.7059631347656, 160.4992218017578]]"
75,2,3,"[[452.0592346191406, 193.4580535888672, 490.2458801269531, 222.63336181640625]]"
76,2,1,"[[374.5993957519531, 143.45347595214844, 394.98095703125, 159.5962371826172]]"
76,2,3,"[[449.6390380859375, 192.19349670410156, 487.74249267578125, 221.18568420410156]]"
77,2,3,"[[447.8150329589844, 190.85777282714844, 485.2916259765625, 219.36517333984375]]"
78,2,3,"[[445.4781494140625, 188.98390197753906, 482.7063903808594, 217.2138671875]]"
79,2,3,"[[443.1795654296875, 187.4541473388672, 480.40557861328125, 215.7369842529297]]"
80,2,3,"[[441.57147216796875, 186.9022674560547, 477.8404541015625, 214.3778839111328]]"
81,2,3,"[[439.85137939453125, 185.42063903808594, 476.2049255371094, 212.98202514648438]]"
82,2,3,"[[437.67523193359375, 183.9828338623047, 473.7261962890625, 211.3280792236328]]"
83,2,3,"[[436.2819519042969, 182.70162963867188, 472.0935974121094, 209.88555908203125]]"
84,2,3,"[[434.1611328125, 181.81304931640625, 469.29522705078125, 208.430908203125]]"
85,2,3,"[[432.4667663574219, 180.48509216308594, 467.3505554199219, 206.9605712890625]]"
86,2,3,"[[430.4517822265625, 179.64503479003906, 464.65631103515625, 205.49623107910156]]"
87,2,3,"[[428.8204040527344, 179.0261688232422, 462.6249084472656, 204.46397399902344]]"
88,2,3,"[[427.2946472167969, 177.78506469726562, 461.1373596191406, 203.25404357910156]]"
89,2,3,"[[426.2179870605469, 176.68438720703125, 459.03973388671875, 201.26055908203125]]"
90,2,3,"[[424.5310974121094, 175.74319458007812, 457.2797546386719, 200.2781219482422]]"
91,2,3,"[[423.26123046875, 175.10508728027344, 455.1102294921875, 198.927490234375]]"
92,2,3,"[[421.2071228027344, 173.84609985351562, 453.2884521484375, 197.88644409179688]]"
93,2,3,"[[419.7779235839844, 172.4105224609375, 452.3184509277344, 196.84963989257812]]"
94,2,3,"[[418.2331237792969, 171.65191650390625, 450.2400817871094, 195.66290283203125]]"
95,2,3,"[[416.9154357910156, 170.9722900390625, 448.7864685058594, 194.82371520996094]]"
96,5,3,"[[411.5768737792969, 161.9616241455078, 452.626708984375, 193.46583557128906]]"
97,2,3,"[[412.1231689453125, 165.3673553466797, 447.7657165527344, 192.54095458984375]]"
98,7,3,"[[407.4549255371094, 159.36265563964844, 448.81658935546875, 191.7897186279297]]"
99,7,3,"[[405.6290283203125, 157.1462860107422, 447.79376220703125, 191.0592803955078]]"
100,7,3,"[[406.185546875, 158.62506103515625, 443.85528564453125, 189.27056884765625]]"
101,2,3,"[[408.5331115722656, 163.1831512451172, 439.6959228515625, 188.37615966796875]]"
102,2,3,"[[407.631103515625, 162.8018035888672, 437.9210205078125, 187.33595275878906]]"
103,2,3,"[[406.9776611328125, 163.40687561035156, 435.39056396484375, 186.1839141845703]]"
104,2,3,"[[405.8928527832031, 163.61990356445312, 433.3371276855469, 185.41806030273438]]"
105,2,3,"[[405.0377502441406, 163.17494201660156, 432.2966003417969, 184.62530517578125]]"
106,2,3,"[[404.0375671386719, 162.56199645996094, 431.1070861816406, 183.89450073242188]]"
107,2,3,"[[402.44921875, 161.49667358398438, 429.6133728027344, 182.8495330810547]]"
108,2,3,"[[402.06561279296875, 161.05577087402344, 428.704833984375, 181.88552856445312]]"
109,2,3,"[[401.1768798828125, 160.8301239013672, 426.9697265625, 180.9648895263672]]"
110,2,3,"[[400.0600280761719, 160.57823181152344, 425.4535217285156, 180.2609100341797]]"
111,2,3,"[[398.35260009765625, 159.56112670898438, 423.926025390625, 179.2419891357422]]"
112,2,3,"[[397.3296813964844, 158.60540771484375, 422.7120361328125, 178.06021118164062]]"
113,2,3,"[[396.0452880859375, 157.02752685546875, 422.21533203125, 177.1793975830078]]"
114,2,3,"[[394.68951416015625, 156.35977172851562, 420.96209716796875, 176.55670166015625]]"
115,7,3,"[[393.70831298828125, 155.9054412841797, 419.9078369140625, 176.06646728515625]]"
116,2,3,"[[393.46514892578125, 155.96983337402344, 418.6956787109375, 175.40171813964844]]"
117,6,-1,"[[231.1788330078125, 100.42887115478516, 304.49383544921875, 154.62893676757812]]"
117,5,-1,"[[390.51116943359375, 143.38467407226562, 470.962646484375, 175.18325805664062]]"
118,2,-1,"[[393.29205322265625, 155.43353271484375, 415.81085205078125, 173.65887451171875]]"
118,5,-1,"[[389.1605224609375, 142.24697875976562, 469.1358642578125, 174.44351196289062]]"
118,6,-1,"[[229.89065551757812, 117.60302734375, 304.4511413574219, 156.086669921875]]"
118,2,-1,"[[230.69485473632812, 134.9775390625, 250.34115600585938, 149.0159912109375]]"
119,2,-1,"[[390.13458251953125, 151.68008422851562, 414.75885009765625, 173.14620971679688]]"
119,5,-1,"[[389.2724914550781, 143.29440307617188, 415.8231506347656, 173.75946044921875]]"
119,7,-1,"[[388.90179443359375, 143.66241455078125, 415.07940673828125, 173.5960693359375]]"
120,2,-1,"[[389.31024169921875, 150.49713134765625, 414.49822998046875, 173.35800170898438]]"
120,7,-1,"[[388.0711669921875, 143.0965576171875, 414.079833984375, 173.64080810546875]]"
120,2,-1,"[[350.49761962890625, 128.7152099609375, 366.43292236328125, 142.1488037109375]]"
120,5,-1,"[[388.3446044921875, 143.14083862304688, 414.66741943359375, 173.51724243164062]]"
120,2,-1,"[[233.84945678710938, 135.56875610351562, 250.40823364257812, 149.90597534179688]]"
121,2,-1,"[[388.7821044921875, 151.75375366210938, 414.38958740234375, 172.66714477539062]]"
121,2,-1,"[[387.22808837890625, 144.96981811523438, 415.93646240234375, 172.77682495117188]]"
121,7,-1,"[[387.6220703125, 142.33700561523438, 414.37371826171875, 172.61526489257812]]"
122,5,-1,"[[385.7674560546875, 139.6811065673828, 463.8724365234375, 171.89830017089844]]"
122,2,-1,"[[387.0400085449219, 152.39877319335938, 412.3148498535156, 171.23745727539062]]"
122,7,-1,"[[386.117431640625, 140.8515625, 412.427490234375, 171.078857421875]]"
122,2,-1,"[[229.53976440429688, 136.63861083984375, 249.57937622070312, 150.60870361328125]]"
123,5,-1,"[[384.52484130859375, 138.65310668945312, 463.92913818359375, 171.80087280273438]]"
123,7,-1,"[[385.195068359375, 140.9908447265625, 411.416259765625, 171.27886962890625]]"
123,9,-1,"[[233.7289276123047, 127.22862243652344, 248.4788055419922, 150.02171325683594]]"
124,5,-1,"[[384.18206787109375, 138.30860900878906, 463.58154296875, 171.32090759277344]]"
124,2,-1,"[[385.895263671875, 152.73941040039062, 410.113037109375, 170.40536499023438]]"
124,7,-1,"[[384.6498718261719, 141.11651611328125, 410.0511169433594, 170.5885009765625]]"
124,2,-1,"[[228.59495544433594, 131.0675811767578, 249.2682342529297, 151.9540557861328]]"
124,9,-1,"[[234.198974609375, 127.36251831054688, 248.48416137695312, 150.35446166992188]]"
125,5,-1,"[[383.6904296875, 137.59010314941406, 463.470703125, 170.2877960205078]]"
125,2,-1,"[[385.39324951171875, 151.84744262695312, 410.2156982421875, 169.35250854492188]]"
125,7,-1,"[[384.65777587890625, 141.0531768798828, 409.9541015625, 169.31053161621094]]"
125,2,-1,"[[228.56503295898438, 134.31753540039062, 249.02230834960938, 152.15481567382812]]"
126,5,-1,"[[383.14483642578125, 137.76382446289062, 463.18865966796875, 169.95437622070312]]"
126,2,-1,"[[384.78424072265625, 151.15155029296875, 408.3287353515625, 169.64422607421875]]"
126,2,-1,"[[228.51014709472656, 135.26119995117188, 249.1376190185547, 152.51718139648438]]"
126,2,-1,"[[348.0653076171875, 127.76907348632812, 363.4722900390625, 140.31814575195312]]"
126,7,-1,"[[383.9462585449219, 141.04208374023438, 408.0137634277344, 169.39340209960938]]"
127,2,-1,"[[228.538330078125, 138.63238525390625, 248.679931640625, 152.5794677734375]]"
127,7,-1,"[[381.3243713378906, 140.19796752929688, 407.2120056152344, 168.04556274414062]]"
127,2,-1,"[[347.7337646484375, 128.00888061523438, 363.113525390625, 140.20108032226562]]"
127,5,-1,"[[380.00860595703125, 137.19461059570312, 460.67083740234375, 168.07620239257812]]"
127,2,-1,"[[383.10040283203125, 146.42337036132812, 406.59783935546875, 167.95675659179688]]"
128,2,-1,"[[228.50729370117188, 138.91854858398438, 248.90737915039062, 152.97592163085938]]"
128,5,-1,"[[379.04736328125, 137.1129150390625, 460.2989501953125, 167.13058471679688]]"
128,2,-1,"[[381.924560546875, 146.8541717529297, 405.84814453125, 167.1519012451172]]"
128,7,-1,"[[381.24383544921875, 147.45941162109375, 405.54876708984375, 167.2564697265625]]"
128,2,-1,"[[347.5589294433594, 127.00003051757812, 362.5650939941406, 139.43917846679688]]"
129,2,-1,"[[228.3106689453125, 140.08177185058594, 248.13543701171875, 153.2811737060547]]"
129,7,-1,"[[381.09771728515625, 147.5903778076172, 405.22882080078125, 166.5626678466797]]"
129,2,-1,"[[381.09698486328125, 148.12374877929688, 405.10247802734375, 166.83389282226562]]"
129,5,-1,"[[378.60931396484375, 136.44992065429688, 460.3670654296875, 166.48245239257812]]"
129,5,-1,"[[344.38739013671875, 114.23330688476562, 427.2095947265625, 140.46499633789062]]"
129,6,-1,"[[378.31927490234375, 136.938232421875, 460.05926513671875, 164.88720703125]]"
130,2,-1,"[[228.4825439453125, 140.53494262695312, 248.1998291015625, 153.90072631835938]]"
130,5,-1,"[[378.73468017578125, 136.23980712890625, 460.2572021484375, 166.17166137695312]]"
130,2,-1,"[[380.84820556640625, 148.1207275390625, 404.42047119140625, 166.39898681640625]]"
130,2,-1,"[[346.03155517578125, 127.03884887695312, 362.12713623046875, 139.00796508789062]]"
131,2,-1,"[[228.52105712890625, 140.9550018310547, 248.2000732421875, 154.05699157714844]]"
131,5,-1,"[[379.08013916015625, 135.18801879882812, 459.74163818359375, 165.3427734375]]"
131,9,-1,"[[230.49856567382812, 129.59864807128906, 246.89730834960938, 153.10374450683594]]"
132,2,-1,"[[228.25228881835938, 140.7909393310547, 248.135498046875, 154.0610809326172]]"
132,2,-1,"[[345.345947265625, 124.56959533691406, 361.9219970703125, 138.0639190673828]]"
132,2,-1,"[[379.96185302734375, 147.90744018554688, 401.72198486328125, 165.0615234375]]"
133,2,-1,"[[228.28433227539062, 140.09112548828125, 248.03292846679688, 154.3416748046875]]"
133,2,-1,"[[345.2056884765625, 124.44143676757812, 361.5340576171875, 138.35006713867188]]"
133,2,-1,"[[378.80926513671875, 147.72854614257812, 401.41009521484375, 164.54257202148438]]"
133,7,-1,"[[227.98135375976562, 129.59097290039062, 247.72042846679688, 153.69094848632812]]"
134,2,-1,"[[228.42544555664062, 138.78982543945312, 247.91970825195312, 154.82162475585938]]"
134,2,-1,"[[345.308837890625, 125.23204040527344, 360.7154541015625, 137.7487030029297]]"
134,7,-1,"[[241.923583984375, 102.7474365234375, 259.7623291015625, 123.49931335449219]]"
135,2,-1,"[[228.06353759765625, 137.875732421875, 248.02984619140625, 154.90338134765625]]"
135,2,-1,"[[377.20941162109375, 146.65228271484375, 398.86468505859375, 162.85809326171875]]"
136,2,-1,"[[376.73681640625, 142.9293212890625, 398.42913818359375, 162.8375244140625]]"
136,6,-1,"[[225.59722900390625, 128.91380310058594, 296.4725341796875, 153.00291442871094]]"
136,2,-1,"[[227.35110473632812, 138.98324584960938, 246.07901000976562, 155.27572631835938]]"
137,2,-1,"[[375.67291259765625, 142.31427001953125, 397.36004638671875, 162.25836181640625]]"
137,2,-1,"[[227.50140380859375, 143.52154541015625, 245.79144287109375, 155.8544921875]]"
137,7,-1,"[[375.36151123046875, 136.34628295898438, 397.22283935546875, 162.74349975585938]]"
138,2,-1,"[[375.14849853515625, 143.85238647460938, 397.42620849609375, 161.32272338867188]]"
138,2,-1,"[[227.3399658203125, 144.45535278320312, 245.63153076171875, 156.21426391601562]]"
138,5,-1,"[[342.13397216796875, 111.72091674804688, 415.15106201171875, 139.15499877929688]]"
139,2,-1,"[[373.742919921875, 145.49241638183594, 396.60284423828125, 161.2016143798828]]"
139,2,-1,"[[226.5479736328125, 144.81573486328125, 246.10092163085938, 156.563232421875]]"
139,7,-1,"[[241.66134643554688, 103.24937438964844, 258.44049072265625, 124.06117248535156]]"
139,5,-1,"[[342.14227294921875, 111.19844055175781, 414.75836181640625, 139.0409393310547]]"
140,2,-1,"[[226.14430236816406, 145.26687622070312, 246.0171356201172, 157.00607299804688]]"
140,2,-1,"[[373.5245666503906, 145.11614990234375, 395.8347473144531, 160.65936279296875]]"
140,7,-1,"[[241.4439697265625, 103.30938720703125, 258.5478515625, 124.00640869140625]]"
140,6,-1,"[[239.8842010498047, 102.4173583984375, 340.15533447265625, 123.37179565429688]]"
141,2,-1,"[[225.47933959960938, 145.59254455566406, 246.58065795898438, 157.8800811767578]]"
141,2,-1,"[[373.3604736328125, 145.30162048339844, 395.54644775390625, 160.1645050048828]]"
141,7,-1,"[[241.59100341796875, 103.52743530273438, 258.9159240722656, 124.13668823242188]]"
141,2,-1,"[[225.15049743652344, 137.96145629882812, 244.97584533691406, 158.00234985351562]]"
142,2,-1,"[[225.51229858398438, 145.78436279296875, 246.67324829101562, 158.66558837890625]]"
142,2,-1,"[[372.95440673828125, 145.31849670410156, 394.04254150390625, 158.9634552001953]]"
142,2,-1,"[[225.20175170898438, 138.92822265625, 244.7711181640625, 158.7313232421875]]"
143,2,-1,"[[225.43231201171875, 145.64297485351562, 245.57427978515625, 159.36691284179688]]"
143,2,-1,"[[372.4215087890625, 144.0277099609375, 394.035400390625, 158.836669921875]]"
143,2,-1,"[[225.1029052734375, 137.64578247070312, 244.04437255859375, 159.41281127929688]]"
144,2,-1,"[[371.80145263671875, 143.75357055664062, 391.12969970703125, 158.00369262695312]]"
144,2,-1,"[[223.61981201171875, 135.8251953125, 244.41342163085938, 159.90264892578125]]"
145,2,-1,"[[370.6823425292969, 143.274169921875, 390.9420471191406, 157.421142578125]]"
145,2,-1,"[[223.15798950195312, 136.1376190185547, 244.32290649414062, 160.55030822753906]]"
146,2,-1,"[[222.45809936523438, 144.61929321289062, 244.34280395507812, 160.67349243164062]]"
146,2,-1,"[[222.27316284179688, 138.1572265625, 243.4468994140625, 160.66836547851562]]"
146,2,-1,"[[369.6976318359375, 141.54833984375, 390.48876953125, 157.36358642578125]]"
146,7,-1,"[[222.00433349609375, 135.59130859375, 244.7469482421875, 161.00689697265625]]"
147,2,-1,"[[222.01705932617188, 145.92929077148438, 244.52249145507812, 160.90725708007812]]"
147,2,-1,"[[221.81088256835938, 139.83139038085938, 243.40048217773438, 160.90719604492188]]"
147,2,-1,"[[369.28045654296875, 140.31704711914062, 390.08233642578125, 157.06851196289062]]"
147,7,-1,"[[221.41702270507812, 135.57501220703125, 244.78512573242188, 161.46954345703125]]"
147,7,-1,"[[241.54440307617188, 103.66682434082031, 258.8258056640625, 125.09982299804688]]"
148,2,-1,"[[221.78329467773438, 148.09266662597656, 243.86532592773438, 161.81739807128906]]"
148,2,-1,"[[368.91741943359375, 139.98745727539062, 389.88262939453125, 157.16738891601562]]"
148,7,-1,"[[221.30923461914062, 135.35946655273438, 244.05911254882812, 161.87994384765625]]"
149,2,-1,"[[221.5945587158203, 148.29306030273438, 243.95176696777344, 162.16647338867188]]"
149,2,-1,"[[369.29010009765625, 141.09030151367188, 388.79058837890625, 156.49160766601562]]"
149,7,-1,"[[241.37057495117188, 103.90351867675781, 257.8137512207031, 125.02452087402344]]"
150,2,-1,"[[221.41644287109375, 148.24278259277344, 244.123046875, 163.5579376220703]]"
150,2,-1,"[[340.43109130859375, 122.66766357421875, 354.05084228515625, 133.38198852539062]]"
150,7,-1,"[[241.229736328125, 103.93389892578125, 256.9253845214844, 125.05416870117188]]"
151,2,-1,"[[221.08023071289062, 148.13302612304688, 244.35214233398438, 164.04196166992188]]"
151,2,-1,"[[220.90457153320312, 143.2547607421875, 243.44503784179688, 163.04486083984375]]"
151,7,-1,"[[240.92160034179688, 104.04396057128906, 256.971923828125, 125.46788024902344]]"
152,2,-1,"[[221.2261199951172, 148.29612731933594, 243.67799377441406, 164.4243927001953]]"
152,2,-1,"[[221.03619384765625, 142.54849243164062, 244.27239990234375, 164.09005737304688]]"
152,7,-1,"[[240.84756469726562, 104.07608032226562, 257.1713562011719, 125.51458740234375]]"
152,2,-1,"[[340.3689270019531, 121.96403503417969, 353.3497009277344, 133.4904022216797]]"
153,2,-1,"[[221.2274169921875, 142.80178833007812, 243.1405029296875, 164.60391235351562]]"
153,2,-1,"[[340.4164123535156, 122.09042358398438, 353.3063049316406, 133.38400268554688]]"
153,7,-1,"[[240.63809204101562, 103.91838073730469, 257.3953552246094, 125.75520324707031]]"
153,2,-1,"[[365.13409423828125, 140.546630859375, 386.00958251953125, 154.24334716796875]]"
153,5,-1,"[[240.57620239257812, 104.11705017089844, 257.2575988769531, 125.45460510253906]]"
153,7,-1,"[[220.75909423828125, 138.6531982421875, 243.69915771484375, 164.42047119140625]]"
154,2,-1,"[[340.1479797363281, 122.01411437988281, 353.4647521972656, 133.52162170410156]]"
154,2,-1,"[[364.7222900390625, 139.75096130371094, 384.7537841796875, 153.8203887939453]]"
154,2,-1,"[[221.12283325195312, 141.65432739257812, 242.6102294921875, 164.99411010742188]]"
154,7,-1,"[[241.04006958007812, 104.256103515625, 257.2061462402344, 125.4915771484375]]"
155,2,-1,"[[364.2376708984375, 138.9520263671875, 383.4010009765625, 153.2623291015625]]"
155,2,-1,"[[340.21759033203125, 121.72994995117188, 353.2763671875, 132.39627075195312]]"
155,7,-1,"[[240.84054565429688, 107.15010070800781, 257.280029296875, 125.73939514160156]]"
156,2,-1,"[[219.83770751953125, 152.7579345703125, 242.24493408203125, 166.835205078125]]"
156,2,-1,"[[364.2082824707031, 138.22897338867188, 382.5393981933594, 153.09072875976562]]"
156,7,-1,"[[240.61187744140625, 108.72928619384766, 257.77215576171875, 126.22872924804688]]"
156,2,-1,"[[339.9537658691406, 121.50254821777344, 352.6082458496094, 132.1392364501953]]"
157,2,-1,"[[339.17584228515625, 121.51217651367188, 352.62872314453125, 132.17245483398438]]"
157,2,-1,"[[365.64105224609375, 138.2521209716797, 381.4285888671875, 152.5534210205078]]"
157,2,-1,"[[218.36297607421875, 152.38519287109375, 242.2066650390625, 167.68203735351562]]"
157,0,-1,"[[339.3006591796875, 119.94461059570312, 350.9197998046875, 132.80215454101562]]"
158,2,-1,"[[362.7371826171875, 138.1422576904297, 382.0975341796875, 152.5752716064453]]"
158,2,-1,"[[218.4305877685547, 152.14407348632812, 242.14137268066406, 167.91403198242188]]"
158,2,-1,"[[338.4969482421875, 120.86788940429688, 351.8140869140625, 131.81686401367188]]"
158,7,-1,"[[218.0554962158203, 143.200439453125, 242.44703674316406, 167.7752685546875]]"
159,2,-1,"[[217.96435546875, 151.90032958984375, 241.8658447265625, 168.34027099609375]]"
159,2,-1,"[[361.9051818847656, 137.83438110351562, 381.5123596191406, 152.47445678710938]]"
159,7,-1,"[[217.5477294921875, 144.22962951660156, 242.4110107421875, 168.35987854003906]]"
159,2,-1,"[[337.9417724609375, 120.3157958984375, 350.914794921875, 130.8131103515625]]"
159,7,-1,"[[361.7682189941406, 136.3271484375, 381.6589660644531, 152.8643798828125]]"
160,2,7,"[[217.8318634033203, 151.89743041992188, 242.23159790039062, 168.6856231689453]]"
161,2,7,"[[217.7805938720703, 152.03802490234375, 242.3354034423828, 168.93896484375]]"
162,2,7,"[[217.68357849121094, 152.8065185546875, 241.43455505371094, 169.16152954101562]]"
163,2,7,"[[218.2265167236328, 155.2133026123047, 240.0494842529297, 170.2075958251953]]"
164,2,7,"[[218.2394561767578, 156.350830078125, 239.833984375, 171.16262817382812]]"
165,2,7,"[[217.6406707763672, 156.77305603027344, 239.74295043945312, 171.93272399902344]]"
166,2,7,"[[216.79605102539062, 156.8314971923828, 239.6234588623047, 172.51979064941406]]"
167,2,7,"[[215.54397583007812, 156.2779998779297, 239.5885467529297, 172.85887145996094]]"
168,2,7,"[[212.92604064941406, 154.55979919433594, 240.291015625, 173.6214599609375]]"
169,2,7,"[[209.53756713867188, 151.38844299316406, 242.188720703125, 174.71649169921875]]"
170,2,7,"[[207.72438049316406, 150.45953369140625, 242.5780029296875, 175.9376220703125]]"
171,2,7,"[[207.8323211669922, 151.33621215820312, 241.74105834960938, 176.5755615234375]]"
172,2,7,"[[208.24362182617188, 152.2750244140625, 241.45802307128906, 177.29608154296875]]"
173,2,7,"[[208.360107421875, 153.1179962158203, 241.1704559326172, 178.02207946777344]]"
174,2,7,"[[207.6183319091797, 153.61099243164062, 240.68101501464844, 179.0128631591797]]"
175,2,7,"[[207.16983032226562, 154.33859252929688, 239.99139404296875, 179.92889404296875]]"
176,2,7,"[[207.39971923828125, 156.22567749023438, 238.91331481933594, 181.03794860839844]]"
177,2,7,"[[207.0660858154297, 156.99635314941406, 238.19053649902344, 181.73660278320312]]"
178,2,7,"[[206.01991271972656, 156.21878051757812, 238.63726806640625, 182.59593200683594]]"
179,2,7,"[[207.08152770996094, 159.14459228515625, 237.24029541015625, 183.60662841796875]]"
180,2,7,"[[206.08895874023438, 159.21649169921875, 237.0547637939453, 184.61033630371094]]"
181,7,7,"[[206.6510009765625, 161.7100067138672, 235.02273559570312, 184.98619079589844]]"
182,2,7,"[[205.27821350097656, 160.9889678955078, 235.45358276367188, 185.9669647216797]]"
183,2,7,"[[206.81756591796875, 165.43875122070312, 232.64739990234375, 186.33409118652344]]"
184,2,7,"[[207.0056915283203, 167.521240234375, 231.76695251464844, 187.23434448242188]]"
185,2,7,"[[206.1772003173828, 168.29693603515625, 231.4905548095703, 188.22254943847656]]"
186,2,7,"[[205.90863037109375, 169.99903869628906, 230.29685974121094, 188.90386962890625]]"
187,2,7,"[[205.22332763671875, 171.34829711914062, 229.97398376464844, 190.2857208251953]]"
188,2,7,"[[204.21910095214844, 172.10202026367188, 229.69293212890625, 191.44631958007812]]"
189,2,7,"[[203.42446899414062, 172.88475036621094, 229.1654052734375, 192.2880401611328]]"
190,2,7,"[[202.61219787597656, 173.77769470214844, 228.4157257080078, 193.11985778808594]]"
191,2,7,"[[202.02316284179688, 174.87588500976562, 228.19467163085938, 194.4130096435547]]"
192,2,7,"[[201.79205322265625, 176.37808227539062, 227.62278747558594, 195.550048828125]]"
193,2,7,"[[201.1311798095703, 176.83306884765625, 227.6046142578125, 196.44822692871094]]"
194,2,7,"[[198.97848510742188, 177.31846618652344, 226.6995849609375, 197.80332946777344]]"
195,2,7,"[[197.5414276123047, 177.630126953125, 226.63116455078125, 199.13539123535156]]"
196,2,7,"[[197.3984375, 179.30734252929688, 226.1090545654297, 200.31044006347656]]"
197,2,7,"[[196.82424926757812, 180.09324645996094, 225.83531188964844, 201.21273803710938]]"
198,2,7,"[[195.87583923339844, 180.56057739257812, 226.0714874267578, 202.51263427734375]]"
199,2,7,"[[196.0244903564453, 182.48573303222656, 225.28907775878906, 203.59828186035156]]"
200,2,7,"[[195.04615783691406, 182.80091857910156, 226.06935119628906, 205.08946228027344]]"
201,2,7,"[[193.9542236328125, 183.77349853515625, 225.6634979248047, 206.5080108642578]]"
202,2,7,"[[192.9229736328125, 184.36825561523438, 225.21653747558594, 207.5345458984375]]"
203,2,7,"[[192.53221130371094, 186.83094787597656, 223.76708984375, 208.9700469970703]]"
204,2,7,"[[190.88037109375, 188.22230529785156, 222.44332885742188, 210.43679809570312]]"
205,2,7,"[[190.28407287597656, 189.8002471923828, 221.1310577392578, 211.4258270263672]]"
206,2,7,"[[188.9881134033203, 191.07359313964844, 220.51747131347656, 213.07379150390625]]"
207,2,7,"[[187.6126708984375, 191.93685913085938, 220.64854431152344, 215.00091552734375]]"
208,2,7,"[[186.67030334472656, 193.0981903076172, 219.91473388671875, 216.22764587402344]]"
209,2,7,"[[186.2139129638672, 194.52830505371094, 219.95962524414062, 218.01904296875]]"
210,2,7,"[[185.69395446777344, 196.44110107421875, 219.18800354003906, 219.7574920654297]]"
211,2,7,"[[184.8326873779297, 197.55697631835938, 218.7776641845703, 221.16468811035156]]"
212,2,7,"[[184.03012084960938, 198.93190002441406, 218.75527954101562, 222.9280548095703]]"
213,2,7,"[[182.7084197998047, 200.31005859375, 218.17674255371094, 224.7229461669922]]"
214,2,7,"[[181.4418487548828, 201.25003051757812, 218.07586669921875, 226.46786499023438]]"
215,2,7,"[[180.52655029296875, 203.39735412597656, 216.85403442382812, 228.34156799316406]]"
216,2,7,"[[179.32179260253906, 205.11441040039062, 216.34918212890625, 230.439208984375]]"
217,2,7,"[[177.46165466308594, 206.31475830078125, 215.45225524902344, 232.27175903320312]]"
218,2,7,"[[176.7415313720703, 208.30357360839844, 214.1981964111328, 233.94754028320312]]"
219,2,7,"[[174.5961151123047, 209.33969116210938, 213.5289306640625, 235.98300170898438]]"
220,2,7,"[[172.9839630126953, 211.32949829101562, 212.5467529296875, 238.47933959960938]]"
221,2,7,"[[171.87979125976562, 213.1396942138672, 211.9634246826172, 240.6649627685547]]"
222,2,7,"[[170.88320922851562, 215.05198669433594, 210.86154174804688, 242.330322265625]]"
223,2,7,"[[169.32620239257812, 216.7837677001953, 210.29745483398438, 244.72073364257812]]"
224,2,7,"[[168.0746307373047, 218.6228790283203, 209.45286560058594, 246.75738525390625]]"
225,2,7,"[[166.7841033935547, 220.40927124023438, 209.29515075683594, 249.28182983398438]]"
226,2,7,"[[165.9127655029297, 223.03070068359375, 207.76979064941406, 251.31361389160156]]"
227,2,7,"[[163.41883850097656, 224.9091033935547, 207.42013549804688, 254.56005859375]]"
228,2,7,"[[161.5166473388672, 227.1444854736328, 205.9117431640625, 257.0436096191406]]"
229,2,7,"[[158.55044555664062, 228.66212463378906, 205.09048461914062, 260.2462463378906]]"
230,2,7,"[[156.513671875, 231.80091857910156, 202.51974487304688, 262.93890380859375]]"
231,2,7,"[[154.16610717773438, 233.37457275390625, 201.44520568847656, 265.36444091796875]]"
232,2,7,"[[151.8505859375, 236.14739990234375, 200.62924194335938, 269.2596130371094]]"
233,2,7,"[[148.91812133789062, 238.42237854003906, 199.05508422851562, 272.5804138183594]]"
234,2,7,"[[147.43101501464844, 241.91700744628906, 197.59439086914062, 276.2131042480469]]"
235,2,7,"[[145.50904846191406, 245.69622802734375, 195.0067138671875, 279.38690185546875]]"
236,2,7,"[[141.85348510742188, 247.755859375, 194.9216766357422, 283.96380615234375]]"
237,2,7,"[[139.12820434570312, 250.0302734375, 193.35464477539062, 287.2190856933594]]"
238,2,7,"[[136.123046875, 252.59103393554688, 191.2019805908203, 290.4082336425781]]"
239,2,7,"[[133.6065673828125, 256.0231018066406, 189.31182861328125, 294.3446044921875]]"
240,2,7,"[[131.93856811523438, 259.6434631347656, 187.80467224121094, 298.1534729003906]]"
241,2,7,"[[127.98619842529297, 263.13006591796875, 185.4185028076172, 302.9350280761719]]"
242,2,7,"[[123.80921173095703, 266.38104248046875, 183.4666748046875, 307.9141845703125]]"
243,2,7,"[[118.98815155029297, 268.05126953125, 182.5424346923828, 312.6611633300781]]"
244,2,7,"[[115.80194854736328, 273.0506896972656, 179.20968627929688, 317.6004943847656]]"
245,2,7,"[[113.68489837646484, 277.52215576171875, 175.89544677734375, 321.4017028808594]]"
246,2,7,"[[107.30886840820312, 281.1441955566406, 173.83981323242188, 328.1177978515625]]"
247,2,7,"[[103.97274780273438, 284.86773681640625, 172.5707550048828, 333.4034729003906]]"
248,2,7,"[[100.58810424804688, 290.0616760253906, 169.98643493652344, 339.1724548339844]]"
249,2,7,"[[95.14380645751953, 294.6344299316406, 166.98301696777344, 345.6618347167969]]"
250,2,7,"[[90.03073120117188, 299.5037841796875, 163.45413208007812, 351.83013916015625]]"
251,2,7,"[[86.24563598632812, 304.5655822753906, 160.09031677246094, 357.4935607910156]]"
252,2,7,"[[83.33635711669922, 310.403564453125, 154.19375610351562, 360.0]]"
253,2,7,"[[80.81198120117188, 313.2441711425781, 150.15371704101562, 360.0]]"
254,2,7,"[[81.37777709960938, 320.926025390625, 142.40208435058594, 360.0]]"
255,2,7,"[[77.45518493652344, 321.74224853515625, 137.77748107910156, 360.0]]"
256,6,-1,"[[317.3804931640625, 95.78623962402344, 407.3125, 119.74070739746094]]"
256,0,-1,"[[330.2799072265625, 112.87364196777344, 339.6119384765625, 126.98506164550781]]"
257,2,-1,"[[227.8778076171875, 140.87991333007812, 249.9892578125, 153.36447143554688]]"
257,2,-1,"[[67.112548828125, 343.76239013671875, 135.42372131347656, 360.0]]"
257,6,-1,"[[317.84515380859375, 95.58711242675781, 407.01922607421875, 120.03608703613281]]"
257,6,-1,"[[227.4405975341797, 101.86909484863281, 308.60223388671875, 155.98301696777344]]"
258,2,-1,"[[228.0732421875, 141.60012817382812, 248.5848388671875, 153.63714599609375]]"
258,6,-1,"[[318.0795593261719, 95.60920715332031, 407.4232482910156, 120.28895568847656]]"
258,6,-1,"[[226.36981201171875, 101.80461883544922, 307.98828125, 154.78179931640625]]"
259,2,-1,"[[228.06419372558594, 141.60313415527344, 248.45994567871094, 153.91712951660156]]"
259,6,-1,"[[317.42059326171875, 95.66368103027344, 406.598876953125, 120.36888122558594]]"
260,2,-1,"[[228.154541015625, 140.65150451660156, 248.34890747070312, 153.61961364746094]]"
260,6,-1,"[[317.73114013671875, 95.76728820800781, 406.26177978515625, 119.38401794433594]]"
260,6,-1,"[[225.80459594726562, 102.02043914794922, 307.8291931152344, 152.46356201171875]]"
261,2,-1,"[[227.85910034179688, 141.4861297607422, 248.24398803710938, 154.0275115966797]]"
261,6,-1,"[[317.87481689453125, 95.60708618164062, 406.77056884765625, 119.1680908203125]]"
261,0,-1,"[[329.92877197265625, 112.78599548339844, 339.55072021484375, 126.45906066894531]]"
262,2,-1,"[[227.8846435546875, 141.06573486328125, 248.02996826171875, 154.48651123046875]]"
262,6,-1,"[[317.55401611328125, 95.55415344238281, 406.52471923828125, 117.52967834472656]]"
262,6,-1,"[[224.8050537109375, 105.47152709960938, 306.1796875, 155.26998901367188]]"
263,2,-1,"[[227.76815795898438, 142.06430053710938, 246.71041870117188, 154.52581787109375]]"
263,6,-1,"[[317.6047668457031, 95.4537353515625, 406.5345153808594, 118.70307922363281]]"
263,6,-1,"[[226.12606811523438, 105.12155151367188, 306.4128112792969, 154.97637939453125]]"
264,6,-1,"[[316.9942932128906, 95.48089599609375, 406.5711975097656, 118.39793395996094]]"
264,6,-1,"[[225.5531005859375, 106.58636474609375, 306.0887451171875, 155.40780639648438]]"
264,2,-1,"[[227.22531127929688, 141.80831909179688, 246.69729614257812, 154.62994384765625]]"
265,6,-1,"[[225.38050842285156, 106.67562103271484, 305.76171875, 155.36807250976562]]"
265,2,-1,"[[226.99102783203125, 142.9717254638672, 246.64569091796875, 155.0322723388672]]"
266,6,-1,"[[225.0952606201172, 104.95547485351562, 305.93499755859375, 156.28128051757812]]"
266,2,-1,"[[226.3665771484375, 142.79556274414062, 246.1011962890625, 155.16470336914062]]"
266,5,-1,"[[226.237548828125, 108.76593017578125, 306.61334228515625, 155.59774780273438]]"
266,6,-1,"[[317.4486083984375, 95.46673583984375, 404.810546875, 118.44766235351562]]"
267,2,-1,"[[226.50103759765625, 142.77545166015625, 245.6512451171875, 155.22088623046875]]"
267,6,-1,"[[225.2449951171875, 104.6044921875, 305.8089599609375, 156.0648193359375]]"
268,2,-1,"[[226.65570068359375, 143.5003662109375, 245.3092041015625, 155.14630126953125]]"
268,6,-1,"[[225.82940673828125, 104.09623718261719, 306.045166015625, 155.3274688720703]]"
268,2,-1,"[[212.05419921875, 141.75100708007812, 226.27203369140625, 155.42019653320312]]"
269,2,-1,"[[226.20742797851562, 143.2251739501953, 243.06411743164062, 154.96067810058594]]"
269,6,-1,"[[224.99234008789062, 103.72909545898438, 305.9080505371094, 156.4461669921875]]"
269,2,-1,"[[212.18800354003906, 142.6313018798828, 225.3605499267578, 155.3430633544922]]"
269,6,-1,"[[317.65167236328125, 95.15959167480469, 405.03717041015625, 116.91329956054688]]"
270,2,-1,"[[225.96499633789062, 144.11036682128906, 242.96853637695312, 155.6270294189453]]"
270,6,-1,"[[225.53366088867188, 105.14502716064453, 305.7458801269531, 154.794921875]]"
270,2,-1,"[[212.3607177734375, 142.8688201904297, 225.03411865234375, 155.5217742919922]]"
270,6,-1,"[[317.633544921875, 94.67317199707031, 404.70550537109375, 117.04908752441406]]"
271,6,-1,"[[224.11326599121094, 103.67796325683594, 305.3023681640625, 155.35816955566406]]"
271,2,-1,"[[224.69638061523438, 142.23028564453125, 243.11318969726562, 156.3011474609375]]"
271,2,-1,"[[212.4527587890625, 142.68646240234375, 225.10504150390625, 156.055419921875]]"
271,7,-1,"[[227.62411499023438, 113.33570861816406, 248.75143432617188, 130.2461395263672]]"
272,2,-1,"[[221.39715576171875, 143.998291015625, 242.70196533203125, 157.80609130859375]]"
272,6,-1,"[[220.3726348876953, 105.29447174072266, 304.67486572265625, 151.58761596679688]]"
272,7,-1,"[[227.44888305664062, 113.7503433227539, 248.60482788085938, 130.12319946289062]]"
273,2,-1,"[[221.3782958984375, 144.22280883789062, 242.44854736328125, 157.76776123046875]]"
273,7,-1,"[[227.0097198486328, 113.80642700195312, 248.18849182128906, 130.25942993164062]]"
273,6,-1,"[[220.31784057617188, 107.55026245117188, 304.6069641113281, 153.72222900390625]]"
274,6,-1,"[[315.5596923828125, 93.21038818359375, 405.9981689453125, 118.54072570800781]]"
274,2,-1,"[[220.930419921875, 144.45901489257812, 242.424072265625, 159.28048706054688]]"
274,7,-1,"[[226.8609161376953, 113.582275390625, 248.92860412597656, 129.93258666992188]]"
274,6,-1,"[[220.94271850585938, 107.04053497314453, 304.5257263183594, 152.961669921875]]"
275,6,-1,"[[316.38055419921875, 94.60298156738281, 404.84356689453125, 116.63029479980469]]"
275,6,-1,"[[216.8345184326172, 109.19574737548828, 304.44171142578125, 157.64251708984375]]"
275,2,-1,"[[220.68801879882812, 144.72987365722656, 242.52828979492188, 160.14772033691406]]"
276,6,-1,"[[323.50390625, 103.16078186035156, 404.239501953125, 117.96893310546875]]"
276,6,-1,"[[218.31155395507812, 108.3634033203125, 305.5820617675781, 158.89068603515625]]"
276,7,-1,"[[226.8646240234375, 113.23997497558594, 248.087890625, 129.7904815673828]]"
277,6,-1,"[[323.36865234375, 103.70414733886719, 404.09344482421875, 117.36943054199219]]"
277,7,-1,"[[226.74777221679688, 113.06578826904297, 248.12338256835938, 129.93157958984375]]"
277,6,-1,"[[218.26516723632812, 115.47552490234375, 303.8611145019531, 159.35977172851562]]"
278,6,-1,"[[323.6092224121094, 103.50006103515625, 404.0694274902344, 117.80386352539062]]"
278,6,-1,"[[217.5492706298828, 132.86019897460938, 299.00164794921875, 160.43621826171875]]"
278,7,-1,"[[226.63748168945312, 113.35724639892578, 248.23800659179688, 130.98138427734375]]"
279,6,-1,"[[323.58905029296875, 102.9183349609375, 404.11126708984375, 119.86083984375]]"
279,2,-1,"[[218.87164306640625, 145.52467346191406, 241.33392333984375, 161.16127014160156]]"
280,6,-1,"[[323.6385498046875, 103.16813659667969, 404.27099609375, 117.39979553222656]]"
280,2,-1,"[[219.87265014648438, 147.34170532226562, 240.09085083007812, 161.67288208007812]]"
280,2,-1,"[[216.1949462890625, 140.90737915039062, 241.03582763671875, 161.29263305664062]]"
281,6,-1,"[[323.52490234375, 103.0826416015625, 404.024658203125, 117.359619140625]]"
281,2,-1,"[[219.37770080566406, 147.79452514648438, 239.8383026123047, 161.55343627929688]]"
282,6,-1,"[[321.16400146484375, 101.6697998046875, 403.0791015625, 120.44329833984375]]"
282,6,-1,"[[322.0665588378906, 101.89968872070312, 403.6633605957031, 131.140625]]"
283,6,-1,"[[321.8987731933594, 101.63475036621094, 403.4735412597656, 120.66850280761719]]"
283,6,-1,"[[321.6557312011719, 102.09373474121094, 403.3608093261719, 130.7598419189453]]"
284,6,-1,"[[321.60540771484375, 102.50799560546875, 402.69244384765625, 117.41316223144531]]"
284,2,-1,"[[216.99539184570312, 147.7186279296875, 238.84622192382812, 163.73101806640625]]"
285,2,-1,"[[217.39456176757812, 147.87881469726562, 238.41397094726562, 163.85104370117188]]"
285,6,-1,"[[320.57904052734375, 101.87559509277344, 402.90557861328125, 118.38710021972656]]"
285,5,-1,"[[218.57354736328125, 133.496826171875, 249.86285400390625, 150.5626220703125]]"
286,2,-1,"[[216.45999145507812, 147.85325622558594, 237.97799682617188, 164.22727966308594]]"
286,6,-1,"[[321.1702575683594, 102.32907104492188, 402.7539367675781, 117.34176635742188]]"
287,6,-1,"[[321.71343994140625, 100.43858337402344, 403.09759521484375, 123.33592224121094]]"
287,2,-1,"[[216.52085876464844, 147.89968872070312, 237.3836212158203, 164.35781860351562]]"
288,6,-1,"[[321.37921142578125, 100.57737731933594, 401.64031982421875, 120.44978332519531]]"
288,2,-1,"[[215.5942840576172, 149.64947509765625, 236.9558563232422, 164.9744873046875]]"
288,6,-1,"[[321.86474609375, 100.02023315429688, 402.4620361328125, 129.70263671875]]"
289,2,-1,"[[214.37423706054688, 151.03472900390625, 237.45687866210938, 166.737060546875]]"
289,6,-1,"[[321.36639404296875, 99.72378540039062, 400.27313232421875, 116.4495849609375]]"
290,6,-1,"[[321.8209228515625, 99.44720458984375, 400.31011962890625, 116.80709838867188]]"
290,2,-1,"[[214.20364379882812, 152.20254516601562, 236.507080078125, 167.44918823242188]]"
291,6,-1,"[[321.759521484375, 99.56941223144531, 400.2369384765625, 116.6309814453125]]"
291,2,-1,"[[213.21755981445312, 152.42672729492188, 236.20028686523438, 168.56533813476562]]"
292,2,-1,"[[212.73638916015625, 153.08074951171875, 234.9912109375, 168.50048828125]]"
292,6,-1,"[[321.19354248046875, 99.48921203613281, 400.20977783203125, 116.93132019042969]]"
292,7,-1,"[[221.90890502929688, 115.5948486328125, 247.34225463867188, 138.545166015625]]"
293,2,-1,"[[212.76295471191406, 153.15167236328125, 234.8039093017578, 169.15692138671875]]"
293,6,-1,"[[321.50634765625, 99.52522277832031, 400.08563232421875, 116.217529296875]]"
294,6,-1,"[[321.7035827636719, 99.40353393554688, 400.1964416503906, 115.373779296875]]"
294,2,-1,"[[212.38812255859375, 153.60079956054688, 234.7843017578125, 169.70223999023438]]"
294,7,-1,"[[221.4801025390625, 116.09341430664062, 246.1083984375, 140.42825317382812]]"
295,6,-1,"[[320.502685546875, 99.21961975097656, 399.8916015625, 117.02030944824219]]"
295,2,-1,"[[212.1359100341797, 153.4418182373047, 234.6768341064453, 170.01673889160156]]"
295,7,-1,"[[221.02554321289062, 116.30886840820312, 245.70651245117188, 140.58871459960938]]"
296,6,-1,"[[321.1132507324219, 99.13633728027344, 399.9999694824219, 116.36354064941406]]"
296,2,-1,"[[212.20523071289062, 153.55206298828125, 234.56643676757812, 170.69439697265625]]"
296,7,-1,"[[220.9188232421875, 115.94387817382812, 245.67910766601562, 139.97750854492188]]"
297,6,-1,"[[320.063720703125, 98.64828491210938, 399.85400390625, 115.20014953613281]]"
297,2,-1,"[[211.38003540039062, 154.27920532226562, 233.85586547851562, 171.55899047851562]]"
297,7,-1,"[[220.63404846191406, 116.29486083984375, 244.97755432128906, 142.77593994140625]]"
297,6,-1,"[[219.79592895507812, 116.32138061523438, 245.47354125976562, 141.78451538085938]]"
298,6,-1,"[[320.61077880859375, 99.00057983398438, 399.86029052734375, 114.14044189453125]]"
298,2,-1,"[[211.37847900390625, 156.52903747558594, 233.02810668945312, 172.2636260986328]]"
298,7,-1,"[[220.31936645507812, 115.7620849609375, 246.05178833007812, 143.41293334960938]]"
298,6,-1,"[[218.90484619140625, 116.30776977539062, 246.2750244140625, 143.0782470703125]]"
299,6,-1,"[[320.716796875, 98.95195007324219, 399.72955322265625, 113.46202087402344]]"
299,7,-1,"[[220.50791931152344, 115.97297668457031, 246.17384338378906, 143.5964813232422]]"
299,2,-1,"[[209.99703979492188, 156.16293334960938, 233.03231811523438, 171.92169189453125]]"
299,6,-1,"[[219.09912109375, 116.66201782226562, 246.36322021484375, 143.02059936523438]]"
300,6,-1,"[[320.20245361328125, 98.01869201660156, 399.79644775390625, 112.73707580566406]]"
300,2,-1,"[[209.93496704101562, 157.18063354492188, 232.74700927734375, 172.76162719726562]]"
300,7,-1,"[[219.84225463867188, 115.5569839477539, 245.51846313476562, 144.63198852539062]]"
300,6,-1,"[[218.1641387939453, 116.74337768554688, 245.70643615722656, 144.09994506835938]]"
300,6,-1,"[[155.27410888671875, 76.79637145996094, 313.800537109375, 106.73991394042969]]"
301,2,-1,"[[208.28729248046875, 157.30523681640625, 231.99041748046875, 172.96795654296875]]"
301,6,-1,"[[320.217041015625, 97.92822265625, 399.8067626953125, 113.07830810546875]]"
301,7,-1,"[[219.54843139648438, 115.60121154785156, 246.49288940429688, 143.99220275878906]]"
301,6,-1,"[[155.24630737304688, 76.68916320800781, 312.06170654296875, 106.36732482910156]]"
302,2,-1,"[[207.98667907714844, 157.25852966308594, 231.46556091308594, 174.2473907470703]]"
302,7,-1,"[[219.78497314453125, 117.84506225585938, 245.3524169921875, 144.86648559570312]]"
302,6,-1,"[[218.015380859375, 118.08929443359375, 245.81341552734375, 144.23757934570312]]"
302,6,-1,"[[155.0472412109375, 76.06015014648438, 307.6160583496094, 106.28750610351562]]"
303,2,-1,"[[205.2055206298828, 156.76206970214844, 230.6009063720703, 175.3002166748047]]"
303,6,-1,"[[317.4931640625, 98.19070434570312, 399.9317626953125, 113.7730712890625]]"
303,7,-1,"[[219.87924194335938, 117.79876708984375, 245.95846557617188, 144.49481201171875]]"
304,2,8,"[[204.8743133544922, 157.32984924316406, 230.13058471679688, 175.77381896972656]]"
305,2,8,"[[204.2366485595703, 157.3826141357422, 230.1924591064453, 176.36544799804688]]"
306,2,8,"[[205.1779022216797, 159.6243133544922, 228.94834899902344, 176.9966583251953]]"
307,2,8,"[[205.13063049316406, 160.6940155029297, 228.47178649902344, 177.76109313964844]]"
308,2,8,"[[204.61383056640625, 161.1201629638672, 228.6817169189453, 178.7311553955078]]"
309,2,8,"[[203.6016082763672, 161.2313995361328, 228.72706604003906, 179.71109008789062]]"
310,2,8,"[[203.15025329589844, 161.4618682861328, 228.43113708496094, 180.1900634765625]]"
311,2,8,"[[200.90626525878906, 160.80770874023438, 228.34405517578125, 181.28677368164062]]"
312,2,8,"[[199.23948669433594, 159.84552001953125, 228.73580932617188, 182.1284637451172]]"
313,2,8,"[[199.4260711669922, 162.28045654296875, 227.46560668945312, 183.52554321289062]]"
314,2,8,"[[200.13916015625, 164.2669219970703, 226.2097930908203, 183.96536254882812]]"
315,2,8,"[[199.81883239746094, 164.96810913085938, 225.8151397705078, 184.63973999023438]]"
316,2,8,"[[198.5868377685547, 165.38291931152344, 224.95196533203125, 185.17376708984375]]"
317,2,8,"[[197.77691650390625, 165.5666046142578, 224.86500549316406, 185.802734375]]"
318,2,8,"[[196.83602905273438, 166.06301879882812, 224.51449584960938, 186.73794555664062]]"
319,2,8,"[[196.79541015625, 167.6973876953125, 223.7917938232422, 187.76760864257812]]"
320,2,8,"[[196.55833435058594, 168.6544189453125, 223.05078125, 188.33609008789062]]"
321,2,8,"[[195.62606811523438, 169.2207489013672, 222.33753967285156, 189.07955932617188]]"
322,2,8,"[[193.94410705566406, 169.8409423828125, 221.83311462402344, 190.62294006347656]]"
323,2,8,"[[192.52809143066406, 170.13308715820312, 221.56838989257812, 191.91900634765625]]"
324,2,8,"[[192.76185607910156, 171.71131896972656, 220.7370147705078, 192.68736267089844]]"
325,2,8,"[[192.2205352783203, 172.69749450683594, 219.8450469970703, 193.31468200683594]]"
326,2,8,"[[191.42495727539062, 173.85972595214844, 219.23753356933594, 194.53590393066406]]"
327,2,8,"[[189.96728515625, 173.98904418945312, 219.50936889648438, 195.9599609375]]"
328,2,8,"[[188.27365112304688, 173.24974060058594, 219.82119750976562, 196.8520050048828]]"
329,2,8,"[[188.55751037597656, 175.64859008789062, 218.24664306640625, 197.75155639648438]]"
330,2,8,"[[188.28121948242188, 176.8929443359375, 217.52183532714844, 198.6158447265625]]"
331,2,8,"[[187.29527282714844, 177.5218505859375, 217.2688751220703, 199.70697021484375]]"
332,2,8,"[[185.99057006835938, 178.27157592773438, 216.60806274414062, 200.79124450683594]]"
333,2,8,"[[185.1902618408203, 179.2839813232422, 215.4712371826172, 201.49681091308594]]"
334,2,8,"[[184.06094360351562, 179.7608642578125, 215.2941131591797, 202.7143096923828]]"
335,2,8,"[[183.09645080566406, 180.0231170654297, 215.2809295654297, 203.86122131347656]]"
336,2,8,"[[181.59608459472656, 180.93325805664062, 214.42276000976562, 205.20404052734375]]"
337,2,8,"[[179.8661651611328, 181.9446563720703, 213.62062072753906, 206.99520874023438]]"
338,2,8,"[[179.13870239257812, 183.6783447265625, 212.66114807128906, 208.61317443847656]]"
339,2,8,"[[178.92144775390625, 184.96417236328125, 212.08055114746094, 209.6977996826172]]"
340,2,8,"[[178.237060546875, 185.82168579101562, 211.4989776611328, 210.6765594482422]]"
341,2,8,"[[177.0653076171875, 187.20318603515625, 210.61996459960938, 212.18324279785156]]"
342,2,8,"[[175.58847045898438, 188.05735778808594, 209.94842529296875, 213.56495666503906]]"
343,2,8,"[[173.6859893798828, 188.63124084472656, 209.51303100585938, 215.12416076660156]]"
344,2,8,"[[172.59170532226562, 189.59788513183594, 208.94651794433594, 216.37828063964844]]"
345,2,8,"[[172.3470458984375, 191.35293579101562, 207.98117065429688, 217.59678649902344]]"
346,2,8,"[[171.8125762939453, 192.6693878173828, 206.7147216796875, 218.43162536621094]]"
347,2,8,"[[169.04788208007812, 193.61837768554688, 205.67755126953125, 220.62380981445312]]"
348,2,8,"[[168.39376831054688, 195.52964782714844, 204.5048828125, 222.06556701660156]]"
349,2,8,"[[166.22703552246094, 196.19786071777344, 203.90724182128906, 223.94606018066406]]"
350,2,8,"[[164.6947021484375, 197.1112518310547, 203.11544799804688, 225.41116333007812]]"
351,2,8,"[[164.4850616455078, 198.9559783935547, 202.6322021484375, 227.0906219482422]]"
352,2,8,"[[163.55105590820312, 200.58103942871094, 201.3439483642578, 228.48338317871094]]"
353,2,8,"[[160.74398803710938, 201.7880096435547, 199.8367156982422, 230.76419067382812]]"
354,2,8,"[[159.09115600585938, 203.30030822753906, 198.44683837890625, 232.56907653808594]]"
355,2,8,"[[156.45376586914062, 204.06129455566406, 197.23846435546875, 234.46255493164062]]"
356,2,8,"[[155.6829833984375, 205.4268035888672, 196.3314971923828, 235.88485717773438]]"
357,2,8,"[[155.2385711669922, 207.63963317871094, 195.0268096923828, 237.53329467773438]]"
358,2,8,"[[152.98316955566406, 208.91311645507812, 194.1345672607422, 239.79754638671875]]"
359,2,8,"[[152.0602264404297, 210.70748901367188, 193.16342163085938, 241.53460693359375]]"
360,2,8,"[[149.61138916015625, 212.06689453125, 192.09681701660156, 243.85816955566406]]"
361,2,8,"[[147.8870086669922, 213.2252197265625, 191.59710693359375, 246.1755828857422]]"
362,2,8,"[[146.92379760742188, 215.43150329589844, 190.31155395507812, 248.29066467285156]]"
363,2,8,"[[144.07640075683594, 216.5166473388672, 189.1172332763672, 250.8547821044922]]"
364,2,8,"[[142.62039184570312, 218.85488891601562, 187.1160430908203, 252.8579864501953]]"
365,2,8,"[[140.1553497314453, 220.67579650878906, 185.8318634033203, 255.6396026611328]]"
366,2,8,"[[137.863037109375, 223.02218627929688, 184.3016357421875, 258.40509033203125]]"
367,2,8,"[[135.53619384765625, 224.75564575195312, 183.16912841796875, 261.14404296875]]"
368,2,8,"[[133.32249450683594, 227.32362365722656, 181.517333984375, 264.1304016113281]]"
369,2,8,"[[131.27203369140625, 228.5792694091797, 180.45443725585938, 266.32843017578125]]"
370,2,8,"[[128.83193969726562, 231.63192749023438, 178.06716918945312, 269.308349609375]]"
371,2,8,"[[127.45310974121094, 234.18106079101562, 176.95216369628906, 272.08709716796875]]"
372,2,8,"[[124.72319030761719, 236.19097900390625, 175.63558959960938, 275.37060546875]]"
373,2,8,"[[121.75333404541016, 238.81532287597656, 172.99044799804688, 278.310791015625]]"
374,2,8,"[[118.90518188476562, 240.8792266845703, 172.04421997070312, 282.1164245605469]]"
375,2,8,"[[115.4195327758789, 243.46792602539062, 169.294921875, 285.62359619140625]]"
376,2,8,"[[112.93379211425781, 247.12803649902344, 166.6304473876953, 289.1349182128906]]"
377,2,8,"[[109.0671157836914, 249.11886596679688, 165.30307006835938, 293.07623291015625]]"
378,2,8,"[[105.61170959472656, 251.11614990234375, 163.9541778564453, 296.99908447265625]]"
379,2,8,"[[103.15946197509766, 254.41380310058594, 162.14918518066406, 300.8370361328125]]"
380,2,8,"[[98.917236328125, 257.58343505859375, 159.02142333984375, 304.7622375488281]]"
381,2,8,"[[95.83321380615234, 260.7646179199219, 156.80296325683594, 308.58428955078125]]"
382,2,8,"[[91.7886734008789, 263.6171875, 154.87948608398438, 313.2718811035156]]"
383,2,8,"[[89.02658081054688, 267.1096496582031, 152.78506469726562, 317.483642578125]]"
384,2,8,"[[86.20484161376953, 270.59173583984375, 150.81788635253906, 321.84912109375]]"
385,2,8,"[[81.84832763671875, 274.4259948730469, 147.94570922851562, 327.0067443847656]]"
386,2,8,"[[77.83715057373047, 277.583740234375, 146.3902130126953, 332.5202331542969]]"
387,2,8,"[[73.695068359375, 281.90643310546875, 142.828125, 337.3721008300781]]"
388,2,8,"[[69.8305435180664, 285.7437744140625, 140.6318359375, 342.8367919921875]]"
388,2,9,"[[596.4391479492188, 276.0906066894531, 636.4995727539062, 321.5157775878906]]"
389,2,8,"[[64.21176147460938, 289.9170227050781, 137.1094970703125, 348.6421203613281]]"
389,2,9,"[[592.8165283203125, 271.4088439941406, 632.0420532226562, 315.4725036621094]]"
390,2,8,"[[58.929019927978516, 293.72802734375, 133.9873809814453, 354.25469970703125]]"
390,2,9,"[[588.5902099609375, 265.6082763671875, 628.8659057617188, 310.1105651855469]]"
391,2,8,"[[55.84718704223633, 298.81475830078125, 130.10427856445312, 358.6221923828125]]"
391,2,9,"[[583.2476196289062, 261.1333312988281, 623.3294677734375, 304.33294677734375]]"
392,2,8,"[[54.52880859375, 303.9309997558594, 125.5340805053711, 360.0]]"
392,2,9,"[[576.32763671875, 257.1429443359375, 616.3598022460938, 299.0541687011719]]"
393,2,8,"[[50.339385986328125, 308.38629150390625, 117.65799713134766, 360.0]]"
393,2,9,"[[569.0228881835938, 253.36683654785156, 609.4644775390625, 294.41070556640625]]"
394,2,8,"[[46.80030822753906, 314.106689453125, 109.19548797607422, 360.0]]"
394,2,9,"[[562.2676391601562, 250.05630493164062, 602.5902709960938, 289.6933288574219]]"
395,2,8,"[[41.45163345336914, 319.68560791015625, 100.20015716552734, 360.0]]"
395,2,9,"[[555.5243530273438, 246.65771484375, 594.7661743164062, 283.8609619140625]]"
396,2,8,"[[39.99216079711914, 325.0175476074219, 94.57354736328125, 360.0]]"
396,2,9,"[[548.15771484375, 242.4527587890625, 589.13330078125, 280.21490478515625]]"
397,2,8,"[[39.358123779296875, 331.0044860839844, 88.37005615234375, 360.0]]"
397,2,9,"[[539.8670654296875, 235.76121520996094, 584.7335815429688, 276.4466552734375]]"
398,2,9,"[[534.2467651367188, 234.21435546875, 577.8629150390625, 272.7612609863281]]"
399,2,9,"[[529.8176879882812, 232.5663299560547, 571.8406372070312, 268.6264343261719]]"
400,2,9,"[[525.41796875, 230.42237854003906, 566.4359130859375, 264.5802001953125]]"
401,2,9,"[[519.2588500976562, 226.54774475097656, 561.9549560546875, 261.4395446777344]]"
402,7,9,"[[511.205810546875, 216.7825927734375, 562.046875, 258.62689208984375]]"
403,7,9,"[[505.47833251953125, 211.08103942871094, 558.7368774414062, 255.00732421875]]"
404,7,9,"[[501.59051513671875, 209.02584838867188, 552.06884765625, 250.81005859375]]"
405,7,9,"[[496.45477294921875, 205.2076416015625, 548.3794555664062, 248.5286407470703]]"
406,2,9,"[[496.2356262207031, 209.91075134277344, 540.2494506835938, 245.9066925048828]]"
407,2,9,"[[493.5827331542969, 209.82330322265625, 534.9736328125, 243.03219604492188]]"
408,2,9,"[[490.52099609375, 209.09495544433594, 529.9209594726562, 240.2105255126953]]"
409,2,9,"[[487.2906799316406, 208.64273071289062, 524.6088256835938, 237.45938110351562]]"
410,2,9,"[[483.46929931640625, 206.40223693847656, 521.5260009765625, 235.33303833007812]]"
411,2,9,"[[479.5905456542969, 204.01171875, 518.0767211914062, 232.82020568847656]]"
412,7,9,"[[477.4015197753906, 203.14797973632812, 514.2977905273438, 230.329345703125]]"
413,2,9,"[[474.6175842285156, 201.66998291015625, 511.2472229003906, 228.2848358154297]]"
414,2,9,"[[471.0844421386719, 199.93502807617188, 506.9819641113281, 225.65830993652344]]"
415,2,9,"[[463.9355163574219, 191.687255859375, 508.23358154296875, 223.88572692871094]]"
416,7,9,"[[459.5776672363281, 186.91114807128906, 506.29168701171875, 221.55841064453125]]"
417,7,9,"[[455.6681213378906, 183.4236297607422, 503.8807678222656, 219.84483337402344]]"
418,7,9,"[[452.52825927734375, 180.81109619140625, 500.6610107421875, 217.795654296875]]"
419,7,9,"[[451.663818359375, 181.0622100830078, 497.2008056640625, 216.46627807617188]]"
420,7,9,"[[449.79412841796875, 179.333984375, 493.6150817871094, 213.72866821289062]]"
421,7,9,"[[448.6128845214844, 179.70010375976562, 489.689453125, 212.1410675048828]]"
422,2,9,"[[448.9743347167969, 183.22169494628906, 484.0218811035156, 210.40367126464844]]"
423,2,9,"[[443.6369323730469, 176.16586303710938, 484.82342529296875, 208.69436645507812]]"
424,7,9,"[[440.3063049316406, 172.4258575439453, 483.44073486328125, 207.08602905273438]]"
425,7,9,"[[438.4451904296875, 170.84295654296875, 481.0598449707031, 205.48696899414062]]"
426,7,9,"[[436.9528503417969, 170.00421142578125, 478.19866943359375, 204.04432678222656]]"
427,7,9,"[[438.9452819824219, 175.38877868652344, 471.8857116699219, 202.06472778320312]]"
428,7,9,"[[437.90447998046875, 177.17222595214844, 467.3359680175781, 200.48231506347656]]"
429,5,9,"[[431.1885681152344, 169.5175323486328, 468.8658752441406, 199.89247131347656]]"
430,7,9,"[[433.0098876953125, 174.12631225585938, 463.6553039550781, 198.04673767089844]]"
431,2,9,"[[432.2156066894531, 174.93959045410156, 460.8187561035156, 196.72650146484375]]"
432,2,9,"[[430.1986999511719, 174.6973876953125, 458.1522216796875, 195.61915588378906]]"
433,2,9,"[[427.7059020996094, 172.2922821044922, 456.581298828125, 193.64697265625]]"
434,7,9,"[[426.42413330078125, 171.5753936767578, 455.0509338378906, 192.5373077392578]]"
435,2,9,"[[424.90594482421875, 170.8112335205078, 453.5012512207031, 191.62168884277344]]"
436,2,9,"[[418.9046630859375, 164.06202697753906, 454.3426513671875, 190.4207763671875]]"
437,5,9,"[[415.1605529785156, 159.9143524169922, 453.7840270996094, 189.29103088378906]]"
438,7,9,"[[412.6749572753906, 157.09742736816406, 452.78375244140625, 188.2841796875]]"
439,5,9,"[[411.6507568359375, 155.91648864746094, 451.29449462890625, 187.2493438720703]]"
440,7,9,"[[410.0574951171875, 154.3916778564453, 448.04510498046875, 184.89439392089844]]"
441,7,9,"[[408.7959899902344, 153.6665496826172, 446.0074768066406, 184.0367889404297]]"
442,7,9,"[[408.0335998535156, 153.81011962890625, 443.54693603515625, 183.28053283691406]]"
443,7,9,"[[406.4283142089844, 151.8178253173828, 441.8446350097656, 181.77162170410156]]"
444,7,9,"[[406.0191345214844, 153.03378295898438, 438.9538879394531, 181.28341674804688]]"
445,7,9,"[[404.6429443359375, 151.4664764404297, 437.49859619140625, 180.19317626953125]]"
446,2,9,"[[403.66717529296875, 150.61839294433594, 435.6731262207031, 178.91885375976562]]"
447,2,-1,"[[196.4261474609375, 166.14315795898438, 221.972412109375, 186.92611694335938]]"
447,5,-1,"[[116.33223724365234, 160.31448364257812, 196.28146362304688, 273.4514465332031]]"
447,7,-1,"[[116.77920532226562, 161.4559326171875, 195.49911499023438, 273.451416015625]]"
447,2,-1,"[[194.5404052734375, 159.57415771484375, 222.12615966796875, 187.10760498046875]]"
447,6,-1,"[[403.18536376953125, 148.14047241210938, 482.15521240234375, 177.84024047851562]]"
447,5,-1,"[[403.4459228515625, 147.75511169433594, 482.3641357421875, 177.6502227783203]]"
448,7,-1,"[[113.5123062133789, 159.88980102539062, 195.16116333007812, 277.29718017578125]]"
448,2,-1,"[[195.6943359375, 167.186767578125, 221.60650634765625, 187.4456787109375]]"
448,7,-1,"[[402.170654296875, 149.8484649658203, 429.95751953125, 177.1348114013672]]"
448,5,-1,"[[402.11968994140625, 150.32516479492188, 429.29669189453125, 176.869873046875]]"
449,5,-1,"[[111.48247528076172, 162.19137573242188, 195.74139404296875, 279.65399169921875]]"
449,2,-1,"[[194.34744262695312, 168.14288330078125, 221.16110229492188, 188.2486572265625]]"
449,7,-1,"[[111.94707489013672, 163.14627075195312, 195.27984619140625, 278.9829406738281]]"
450,2,-1,"[[194.09088134765625, 168.84371948242188, 220.78741455078125, 188.51852416992188]]"
450,7,-1,"[[109.26028442382812, 163.1688232421875, 195.28802490234375, 281.5172119140625]]"
450,2,-1,"[[109.53616333007812, 163.7412109375, 195.06130981445312, 280.7275695800781]]"
450,2,-1,"[[401.23382568359375, 158.37982177734375, 426.71173095703125, 175.71209716796875]]"
450,7,-1,"[[400.8302001953125, 151.4989013671875, 426.61822509765625, 175.792236328125]]"
451,2,-1,"[[194.96279907226562, 169.06216430664062, 220.78326416015625, 189.09280395507812]]"
451,2,-1,"[[108.68992614746094, 165.99566650390625, 194.3185272216797, 283.10821533203125]]"
451,7,-1,"[[108.09651184082031, 165.51715087890625, 194.6370391845703, 283.1920166015625]]"
451,2,-1,"[[400.3319091796875, 157.28567504882812, 425.6396484375, 175.25949096679688]]"
451,7,-1,"[[399.9658508300781, 154.60848999023438, 425.5763244628906, 174.902587890625]]"
452,2,10,"[[194.582275390625, 169.69229125976562, 221.12142944335938, 190.28640747070312]]"
453,2,10,"[[193.66928100585938, 170.2826690673828, 220.87890625, 191.4142608642578]]"
454,2,10,"[[193.6060333251953, 171.3505096435547, 220.68423461914062, 192.38002014160156]]"
455,2,10,"[[193.02345275878906, 171.82691955566406, 220.38380432128906, 193.04348754882812]]"
456,2,10,"[[192.62921142578125, 172.62623596191406, 219.63180541992188, 193.51498413085938]]"
457,2,10,"[[192.2684326171875, 172.98709106445312, 219.87014770507812, 194.33889770507812]]"
457,5,11,"[[94.0038833618164, 170.55003356933594, 189.48193359375, 299.20159912109375]]"
458,2,10,"[[191.909423828125, 174.03414916992188, 219.46664428710938, 195.30728149414062]]"
458,5,11,"[[93.23631286621094, 172.08203125, 189.9091339111328, 302.4152526855469]]"
459,2,10,"[[191.0241241455078, 174.84642028808594, 218.78700256347656, 196.18370056152344]]"
459,5,11,"[[90.05365753173828, 173.0852508544922, 188.0574951171875, 305.2381286621094]]"
460,2,10,"[[190.60711669921875, 176.0059814453125, 218.30564880371094, 197.1433868408203]]"
460,5,11,"[[87.75988006591797, 173.75083923339844, 187.37493896484375, 308.0881652832031]]"
461,2,10,"[[190.09539794921875, 177.09933471679688, 217.9956512451172, 198.30380249023438]]"
461,5,11,"[[84.09840393066406, 174.5283660888672, 185.61050415039062, 311.52960205078125]]"
462,2,10,"[[189.3338165283203, 177.54246520996094, 218.11610412597656, 199.37423706054688]]"
462,7,11,"[[81.77230072021484, 175.65284729003906, 184.7300567626953, 314.5926208496094]]"
463,2,10,"[[188.95425415039062, 177.76809692382812, 218.6840362548828, 200.3582000732422]]"
463,7,11,"[[78.112548828125, 177.2837677001953, 182.89752197265625, 318.5968933105469]]"
464,2,10,"[[188.1922149658203, 178.1022491455078, 218.61146545410156, 201.1759490966797]]"
464,7,11,"[[74.9114990234375, 178.15322875976562, 181.49581909179688, 321.77105712890625]]"
465,2,10,"[[188.46615600585938, 179.08349609375, 218.74093627929688, 202.00497436523438]]"
465,7,11,"[[71.54303741455078, 179.48947143554688, 180.04251098632812, 325.5611877441406]]"
466,2,10,"[[187.97300720214844, 179.34124755859375, 219.23956298828125, 203.1127471923828]]"
466,7,11,"[[70.16715240478516, 181.53976440429688, 179.9682159423828, 329.45068359375]]"
467,2,10,"[[186.8854217529297, 180.225341796875, 218.33155822753906, 203.99351501464844]]"
467,2,11,"[[67.60574340820312, 182.54104614257812, 179.30343627929688, 333.2120666503906]]"
468,2,10,"[[186.0861358642578, 180.97032165527344, 217.9905242919922, 204.9824676513672]]"
468,2,11,"[[64.60584259033203, 183.5801239013672, 178.5753936767578, 337.6634826660156]]"
469,2,10,"[[185.68695068359375, 181.78431701660156, 217.95359802246094, 206.00827026367188]]"
469,7,11,"[[60.632545471191406, 185.1555633544922, 176.5973663330078, 341.9309997558594]]"
470,2,10,"[[185.6558074951172, 182.7858123779297, 217.79486083984375, 206.8577117919922]]"
470,7,11,"[[55.17176055908203, 186.07984924316406, 174.0291290283203, 346.3054504394531]]"
471,2,10,"[[185.3047637939453, 183.6582794189453, 217.9930877685547, 208.17337036132812]]"
471,7,11,"[[51.637542724609375, 186.8452911376953, 172.66119384765625, 349.759765625]]"
472,2,10,"[[185.21824645996094, 184.47488403320312, 218.04922485351562, 209.1182861328125]]"
472,7,11,"[[48.531471252441406, 188.0403594970703, 171.47225952148438, 353.4503173828125]]"
473,2,10,"[[185.19100952148438, 184.95663452148438, 218.5445098876953, 210.09130859375]]"
473,7,11,"[[46.33251190185547, 189.6341552734375, 170.05491638183594, 355.65802001953125]]"
474,2,10,"[[184.88717651367188, 185.22084045410156, 219.0101776123047, 211.04647827148438]]"
474,7,11,"[[44.220985412597656, 191.3236083984375, 168.26080322265625, 357.2976989746094]]"
475,2,10,"[[185.0477752685547, 186.87864685058594, 218.3604278564453, 212.0166473388672]]"
475,7,11,"[[42.17779541015625, 193.266845703125, 165.88702392578125, 358.2415466308594]]"
476,2,10,"[[184.4167938232422, 187.7503204345703, 218.2990264892578, 213.34112548828125]]"
476,7,11,"[[40.18027877807617, 194.81314086914062, 163.34544372558594, 357.9786682128906]]"
477,2,10,"[[184.2660369873047, 188.5303192138672, 218.62196350097656, 214.56161499023438]]"
477,7,11,"[[36.5609016418457, 196.322998046875, 159.84039306640625, 358.26715087890625]]"
478,2,10,"[[184.00640869140625, 189.26968383789062, 219.21148681640625, 216.0338897705078]]"
478,7,11,"[[33.2608642578125, 198.11361694335938, 156.27182006835938, 357.59649658203125]]"
479,2,10,"[[184.10763549804688, 190.88999938964844, 218.66195678710938, 217.10250854492188]]"
479,7,11,"[[27.983108520507812, 199.68505859375, 152.16915893554688, 357.91729736328125]]"
480,2,10,"[[183.91830444335938, 192.21360778808594, 218.6008758544922, 218.51947021484375]]"
480,7,11,"[[24.346683502197266, 201.5091094970703, 149.2137451171875, 357.749755859375]]"
481,2,10,"[[183.43157958984375, 192.8009490966797, 219.15997314453125, 219.93519592285156]]"
481,7,11,"[[19.070091247558594, 202.73667907714844, 145.78536987304688, 357.6148376464844]]"
482,2,10,"[[182.13800048828125, 193.24942016601562, 218.75588989257812, 221.16612243652344]]"
482,7,11,"[[15.597253799438477, 204.42723083496094, 143.7749786376953, 358.0433349609375]]"
483,7,10,"[[182.0054168701172, 194.4515838623047, 218.61260986328125, 222.31973266601562]]"
484,2,10,"[[181.93844604492188, 196.10220336914062, 218.56272888183594, 223.90371704101562]]"
485,2,10,"[[181.83853149414062, 197.3468475341797, 218.59384155273438, 225.1272735595703]]"
486,2,10,"[[181.44261169433594, 198.4872283935547, 219.250244140625, 226.99459838867188]]"
486,7,11,"[[12.92780590057373, 213.3926239013672, 134.48915100097656, 354.86444091796875]]"
487,2,10,"[[181.8371124267578, 200.0692596435547, 219.27850341796875, 228.15684509277344]]"
487,7,11,"[[12.81884765625, 215.64120483398438, 133.10336303710938, 352.1138916015625]]"
488,2,10,"[[180.99781799316406, 201.04522705078125, 218.74282836914062, 229.39695739746094]]"
488,7,11,"[[11.142292022705078, 217.55023193359375, 132.54995727539062, 352.74700927734375]]"
489,2,10,"[[180.2238311767578, 202.10293579101562, 218.63729858398438, 231.0113067626953]]"
489,7,11,"[[9.641441345214844, 219.03660583496094, 131.95477294921875, 352.97406005859375]]"
490,2,10,"[[180.1048126220703, 203.59324645996094, 218.8861846923828, 232.7351531982422]]"
490,7,11,"[[11.407547950744629, 220.61720275878906, 129.08900451660156, 346.4879455566406]]"
491,2,10,"[[180.26724243164062, 204.58474731445312, 219.26165771484375, 233.8474578857422]]"
491,7,11,"[[10.09249210357666, 224.17922973632812, 128.05723571777344, 348.36077880859375]]"
492,2,10,"[[179.36985778808594, 205.5206756591797, 219.3278350830078, 235.52685546875]]"
492,7,11,"[[7.6319260597229, 226.6741180419922, 128.16404724121094, 352.1619567871094]]"
493,2,10,"[[178.60728454589844, 206.761962890625, 219.35533142089844, 237.27149963378906]]"
493,7,11,"[[6.821774482727051, 229.67605590820312, 127.60112762451172, 354.2685241699219]]"
494,2,10,"[[178.45037841796875, 208.58981323242188, 219.54861450195312, 239.38433837890625]]"
495,2,10,"[[177.3756103515625, 209.425048828125, 220.44937133789062, 241.75047302246094]]"
496,2,10,"[[178.229248046875, 211.30661010742188, 220.74862670898438, 243.05340576171875]]"
497,2,10,"[[177.40939331054688, 212.14784240722656, 220.13058471679688, 244.27993774414062]]"
498,2,10,"[[176.80206298828125, 213.4248046875, 219.71987915039062, 245.98135375976562]]"
499,2,10,"[[176.37950134277344, 215.5481719970703, 219.06890869140625, 248.1216278076172]]"
500,2,10,"[[176.10684204101562, 216.90953063964844, 218.17819213867188, 249.08181762695312]]"
501,2,10,"[[175.8608856201172, 218.78460693359375, 217.57376098632812, 250.7023162841797]]"
502,2,10,"[[175.6673126220703, 220.55679321289062, 217.9033660888672, 252.97752380371094]]"
503,2,10,"[[173.52003479003906, 222.3708953857422, 218.27964782714844, 256.6695251464844]]"
504,2,10,"[[172.79058837890625, 224.24623107910156, 218.35537719726562, 258.9979553222656]]"
505,2,10,"[[171.43943786621094, 225.34881591796875, 218.90089416503906, 261.6304626464844]]"
506,2,10,"[[171.53297424316406, 227.23838806152344, 218.76565551757812, 263.39703369140625]]"
507,2,10,"[[170.88819885253906, 228.2996368408203, 219.4155731201172, 265.7189025878906]]"
508,2,10,"[[170.25384521484375, 230.27072143554688, 219.37496948242188, 268.3408203125]]"
509,2,10,"[[170.09486389160156, 232.3396453857422, 219.5773468017578, 270.7898254394531]]"
510,2,10,"[[168.9721221923828, 234.5704803466797, 219.37742614746094, 273.7790832519531]]"
511,2,10,"[[168.24542236328125, 236.30604553222656, 219.13543701171875, 276.09307861328125]]"
512,2,10,"[[167.54440307617188, 237.92910766601562, 219.03582763671875, 278.3614807128906]]"
513,2,10,"[[167.80838012695312, 240.16009521484375, 219.83126831054688, 281.2204895019531]]"
514,2,10,"[[167.95370483398438, 243.96371459960938, 218.9241180419922, 284.2190246582031]]"
515,2,10,"[[167.53887939453125, 246.7004852294922, 218.66152954101562, 287.0526123046875]]"
516,2,10,"[[166.15599060058594, 248.89515686035156, 219.52774047851562, 291.06085205078125]]"
517,2,10,"[[165.7467498779297, 251.4388427734375, 218.68405151367188, 293.3648986816406]]"
518,2,10,"[[164.55255126953125, 253.52061462402344, 218.7525634765625, 296.5870056152344]]"
519,2,10,"[[163.56202697753906, 255.73025512695312, 218.9220733642578, 299.8772888183594]]"
520,2,10,"[[162.47525024414062, 257.58111572265625, 219.38449096679688, 303.23162841796875]]"
521,2,10,"[[161.03610229492188, 259.9217529296875, 219.26412963867188, 306.8744812011719]]"
522,2,10,"[[160.80299377441406, 262.8379211425781, 219.08953857421875, 310.0560302734375]]"
523,2,10,"[[160.0550537109375, 266.2789306640625, 218.589111328125, 313.71136474609375]]"
524,2,10,"[[158.35446166992188, 267.6277160644531, 219.53858947753906, 317.66400146484375]]"
525,2,10,"[[158.1701202392578, 271.8418884277344, 218.88206481933594, 321.5521240234375]]"
526,2,10,"[[157.25634765625, 274.66009521484375, 218.8338623046875, 325.2990417480469]]"
527,2,10,"[[154.3916473388672, 278.8055419921875, 218.91607666015625, 331.88897705078125]]"
528,7,10,"[[150.37400817871094, 274.0096435546875, 227.4131622314453, 337.818359375]]"
529,2,10,"[[151.74127197265625, 282.0132141113281, 222.0413055419922, 340.4748840332031]]"
530,2,10,"[[148.11492919921875, 287.06451416015625, 219.9968719482422, 346.8746643066406]]"
531,2,10,"[[145.4760284423828, 290.7084045410156, 219.7981719970703, 352.58087158203125]]"
532,2,10,"[[144.8030242919922, 296.24261474609375, 218.3655242919922, 357.34259033203125]]"
533,2,10,"[[145.14617919921875, 300.6929931640625, 216.98260498046875, 359.947998046875]]"
534,2,10,"[[144.85389709472656, 304.504150390625, 214.86685180664062, 360.0]]"
535,2,10,"[[146.47801208496094, 309.7852783203125, 211.59532165527344, 360.0]]"
536,2,10,"[[147.21939086914062, 311.88653564453125, 211.0753936767578, 360.0]]"
537,2,10,"[[150.0502166748047, 319.0733947753906, 207.25637817382812, 360.0]]"
